instant,dteday,season,yr,mnth,holiday,weekday,workingday,weathersit,temp,atemp,hum,windspeed,casual,registered,cnt,season_label,weather_label,weekday_name,year_label,temp_c,hum_pct
1,2011-01-01,1,0,1,0,6,0,2,0.344167,0.363625,0.805833,0.160446,331,654,985,Spring,Berkabut,Minggu,2011,14.110847,80.58330000000001
2,2011-01-02,1,0,1,0,0,0,2,0.363478,0.353739,0.696087,0.248539,131,670,801,Spring,Berkabut,Senin,2011,14.902598000000001,69.6087
3,2011-01-03,1,0,1,0,1,1,1,0.196364,0.189405,0.437273,0.248309,120,1229,1349,Spring,Cerah/Berawan,Selasa,2011,8.050924,43.7273
4,2011-01-04,1,0,1,0,2,1,1,0.2,0.212122,0.590435,0.160296,108,1454,1562,Spring,Cerah/Berawan,Rabu,2011,8.200000000000001,59.0435
5,2011-01-05,1,0,1,0,3,1,1,0.226957,0.22927,0.436957,0.1869,82,1518,1600,Spring,Cerah/Berawan,Kamis,2011,9.305237,43.695699999999995
6,2011-01-06,1,0,1,0,4,1,1,0.204348,0.233209,0.518261,0.0895652,88,1518,1606,Spring,Cerah/Berawan,Jumat,2011,8.378268,51.8261
7,2011-01-07,1,0,1,0,5,1,2,0.196522,0.208839,0.498696,0.168726,148,1362,1510,Spring,Berkabut,Sabtu,2011,8.057402,49.8696
8,2011-01-08,1,0,1,0,6,0,2,0.165,0.162254,0.535833,0.266804,68,891,959,Spring,Berkabut,Minggu,2011,6.765000000000001,53.5833
9,2011-01-09,1,0,1,0,0,0,1,0.138333,0.116175,0.434167,0.36195,54,768,822,Spring,Cerah/Berawan,Senin,2011,5.671653,43.416700000000006
10,2011-01-10,1,0,1,0,1,1,1,0.150833,0.150888,0.482917,0.223267,41,1280,1321,Spring,Cerah/Berawan,Selasa,2011,6.184153,48.2917
11,2011-01-11,1,0,1,0,2,1,2,0.169091,0.191464,0.686364,0.122132,43,1220,1263,Spring,Berkabut,Rabu,2011,6.9327309999999995,68.6364
12,2011-01-12,1,0,1,0,3,1,1,0.172727,0.160473,0.599545,0.304627,25,1137,1162,Spring,Cerah/Berawan,Kamis,2011,7.0818069999999995,59.954499999999996
13,2011-01-13,1,0,1,0,4,1,1,0.165,0.150883,0.470417,0.301,38,1368,1406,Spring,Cerah/Berawan,Jumat,2011,6.765000000000001,47.0417
14,2011-01-14,1,0,1,0,5,1,1,0.16087,0.188413,0.537826,0.126548,54,1367,1421,Spring,Cerah/Berawan,Sabtu,2011,6.59567,53.7826
15,2011-01-15,1,0,1,0,6,0,2,0.233333,0.248112,0.49875,0.157963,222,1026,1248,Spring,Berkabut,Minggu,2011,9.566653,49.875
16,2011-01-16,1,0,1,0,0,0,1,0.231667,0.234217,0.48375,0.188433,251,953,1204,Spring,Cerah/Berawan,Senin,2011,9.498347,48.375
17,2011-01-17,1,0,1,1,1,0,2,0.175833,0.176771,0.5375,0.194017,117,883,1000,Spring,Berkabut,Selasa,2011,7.209153,53.75
18,2011-01-18,1,0,1,0,2,1,2,0.216667,0.232333,0.861667,0.146775,9,674,683,Spring,Berkabut,Rabu,2011,8.883347,86.16669999999999
19,2011-01-19,1,0,1,0,3,1,2,0.292174,0.298422,0.741739,0.208317,78,1572,1650,Spring,Berkabut,Kamis,2011,11.979134,74.1739
20,2011-01-20,1,0,1,0,4,1,2,0.261667,0.25505,0.538333,0.195904,83,1844,1927,Spring,Berkabut,Jumat,2011,10.728347,53.833299999999994
21,2011-01-21,1,0,1,0,5,1,1,0.1775,0.157833,0.457083,0.353242,75,1468,1543,Spring,Cerah/Berawan,Sabtu,2011,7.2775,45.7083
22,2011-01-22,1,0,1,0,6,0,1,0.0591304,0.0790696,0.4,0.17197,93,888,981,Spring,Cerah/Berawan,Minggu,2011,2.4243464,40.0
23,2011-01-23,1,0,1,0,0,0,1,0.0965217,0.0988391,0.436522,0.2466,150,836,986,Spring,Cerah/Berawan,Senin,2011,3.9573897000000002,43.6522
24,2011-01-24,1,0,1,0,1,1,1,0.0973913,0.11793,0.491739,0.15833,86,1330,1416,Spring,Cerah/Berawan,Selasa,2011,3.9930433,49.173899999999996
25,2011-01-25,1,0,1,0,2,1,2,0.223478,0.234526,0.616957,0.129796,186,1799,1985,Spring,Berkabut,Rabu,2011,9.162598000000001,61.695699999999995
26,2011-01-26,1,0,1,0,3,1,3,0.2175,0.2036,0.8625,0.29385,34,472,506,Spring,Hujan Ringan/Salju,Kamis,2011,8.9175,86.25
27,2011-01-27,1,0,1,0,4,1,1,0.195,0.2197,0.6875,0.113837,15,416,431,Spring,Cerah/Berawan,Jumat,2011,7.995,68.75
28,2011-01-28,1,0,1,0,5,1,2,0.203478,0.223317,0.793043,0.1233,38,1129,1167,Spring,Berkabut,Sabtu,2011,8.342597999999999,79.30430000000001
29,2011-01-29,1,0,1,0,6,0,1,0.196522,0.212126,0.651739,0.145365,123,975,1098,Spring,Cerah/Berawan,Minggu,2011,8.057402,65.17389999999999
30,2011-01-30,1,0,1,0,0,0,1,0.216522,0.250322,0.722174,0.0739826,140,956,1096,Spring,Cerah/Berawan,Senin,2011,8.877402,72.2174
31,2011-01-31,1,0,1,0,1,1,2,0.180833,0.18625,0.60375,0.187192,42,1459,1501,Spring,Berkabut,Selasa,2011,7.414153,60.375
32,2011-02-01,1,0,2,0,2,1,2,0.192174,0.23453,0.829565,0.053213,47,1313,1360,Spring,Berkabut,Rabu,2011,7.8791340000000005,82.9565
33,2011-02-02,1,0,2,0,3,1,2,0.26,0.254417,0.775417,0.264308,72,1454,1526,Spring,Berkabut,Kamis,2011,10.66,77.5417
34,2011-02-03,1,0,2,0,4,1,1,0.186957,0.177878,0.437826,0.277752,61,1489,1550,Spring,Cerah/Berawan,Jumat,2011,7.665237,43.7826
35,2011-02-04,1,0,2,0,5,1,2,0.211304,0.228587,0.585217,0.127839,88,1620,1708,Spring,Berkabut,Sabtu,2011,8.663464,58.521699999999996
36,2011-02-05,1,0,2,0,6,0,2,0.233333,0.243058,0.929167,0.161079,100,905,1005,Spring,Berkabut,Minggu,2011,9.566653,92.91669999999999
37,2011-02-06,1,0,2,0,0,0,1,0.285833,0.291671,0.568333,0.1418,354,1269,1623,Spring,Cerah/Berawan,Senin,2011,11.719153,56.833299999999994
38,2011-02-07,1,0,2,0,1,1,1,0.271667,0.303658,0.738333,0.0454083,120,1592,1712,Spring,Cerah/Berawan,Selasa,2011,11.138347,73.83330000000001
39,2011-02-08,1,0,2,0,2,1,1,0.220833,0.198246,0.537917,0.36195,64,1466,1530,Spring,Cerah/Berawan,Rabu,2011,9.054153,53.7917
40,2011-02-09,1,0,2,0,3,1,2,0.134783,0.144283,0.494783,0.188839,53,1552,1605,Spring,Berkabut,Kamis,2011,5.526102999999999,49.4783
41,2011-02-10,1,0,2,0,4,1,1,0.144348,0.149548,0.437391,0.221935,47,1491,1538,Spring,Cerah/Berawan,Jumat,2011,5.918268,43.7391
42,2011-02-11,1,0,2,0,5,1,1,0.189091,0.213509,0.506364,0.10855,149,1597,1746,Spring,Cerah/Berawan,Sabtu,2011,7.752731000000001,50.6364
43,2011-02-12,1,0,2,0,6,0,1,0.2225,0.232954,0.544167,0.203367,288,1184,1472,Spring,Cerah/Berawan,Minggu,2011,9.1225,54.4167
44,2011-02-13,1,0,2,0,0,0,1,0.316522,0.324113,0.457391,0.260883,397,1192,1589,Spring,Cerah/Berawan,Senin,2011,12.977402000000001,45.7391
45,2011-02-14,1,0,2,0,1,1,1,0.415,0.39835,0.375833,0.417908,208,1705,1913,Spring,Cerah/Berawan,Selasa,2011,17.015,37.583299999999994
46,2011-02-15,1,0,2,0,2,1,1,0.266087,0.254274,0.314348,0.291374,140,1675,1815,Spring,Cerah/Berawan,Rabu,2011,10.909567000000001,31.434800000000003
47,2011-02-16,1,0,2,0,3,1,1,0.318261,0.3162,0.423478,0.251791,218,1897,2115,Spring,Cerah/Berawan,Kamis,2011,13.048701000000001,42.3478
48,2011-02-17,1,0,2,0,4,1,1,0.435833,0.428658,0.505,0.230104,259,2216,2475,Spring,Cerah/Berawan,Jumat,2011,17.869153,50.5
49,2011-02-18,1,0,2,0,5,1,1,0.521667,0.511983,0.516667,0.264925,579,2348,2927,Spring,Cerah/Berawan,Sabtu,2011,21.388347,51.6667
50,2011-02-19,1,0,2,0,6,0,1,0.399167,0.391404,0.187917,0.507463,532,1103,1635,Spring,Cerah/Berawan,Minggu,2011,16.365847,18.7917
51,2011-02-20,1,0,2,0,0,0,1,0.285217,0.27733,0.407826,0.223235,639,1173,1812,Spring,Cerah/Berawan,Senin,2011,11.693897,40.7826
52,2011-02-21,1,0,2,1,1,0,2,0.303333,0.284075,0.605,0.307846,195,912,1107,Spring,Berkabut,Selasa,2011,12.436653000000002,60.5
53,2011-02-22,1,0,2,0,2,1,1,0.182222,0.186033,0.577778,0.195683,74,1376,1450,Spring,Cerah/Berawan,Rabu,2011,7.471102,57.7778
54,2011-02-23,1,0,2,0,3,1,1,0.221739,0.245717,0.423043,0.094113,139,1778,1917,Spring,Cerah/Berawan,Kamis,2011,9.091299,42.3043
55,2011-02-24,1,0,2,0,4,1,2,0.295652,0.289191,0.697391,0.250496,100,1707,1807,Spring,Berkabut,Jumat,2011,12.121732000000002,69.7391
56,2011-02-25,1,0,2,0,5,1,2,0.364348,0.350461,0.712174,0.346539,120,1341,1461,Spring,Berkabut,Sabtu,2011,14.938268,71.2174
57,2011-02-26,1,0,2,0,6,0,1,0.2825,0.282192,0.537917,0.186571,424,1545,1969,Spring,Cerah/Berawan,Minggu,2011,11.5825,53.7917
58,2011-02-27,1,0,2,0,0,0,1,0.343478,0.351109,0.68,0.125248,694,1708,2402,Spring,Cerah/Berawan,Senin,2011,14.082598,68.0
59,2011-02-28,1,0,2,0,1,1,2,0.407273,0.400118,0.876364,0.289686,81,1365,1446,Spring,Berkabut,Selasa,2011,16.698193,87.63640000000001
60,2011-03-01,1,0,3,0,2,1,1,0.266667,0.263879,0.535,0.216425,137,1714,1851,Spring,Cerah/Berawan,Rabu,2011,10.933347,53.5
61,2011-03-02,1,0,3,0,3,1,1,0.335,0.320071,0.449583,0.307833,231,1903,2134,Spring,Cerah/Berawan,Kamis,2011,13.735000000000001,44.9583
62,2011-03-03,1,0,3,0,4,1,1,0.198333,0.200133,0.318333,0.225754,123,1562,1685,Spring,Cerah/Berawan,Jumat,2011,8.131653,31.833299999999998
63,2011-03-04,1,0,3,0,5,1,2,0.261667,0.255679,0.610417,0.203346,214,1730,1944,Spring,Berkabut,Sabtu,2011,10.728347,61.0417
64,2011-03-05,1,0,3,0,6,0,2,0.384167,0.378779,0.789167,0.251871,640,1437,2077,Spring,Berkabut,Minggu,2011,15.750846999999998,78.91669999999999
65,2011-03-06,1,0,3,0,0,0,2,0.376522,0.366252,0.948261,0.343287,114,491,605,Spring,Berkabut,Senin,2011,15.437402,94.8261
66,2011-03-07,1,0,3,0,1,1,1,0.261739,0.238461,0.551304,0.341352,244,1628,1872,Spring,Cerah/Berawan,Selasa,2011,10.731299,55.1304
67,2011-03-08,1,0,3,0,2,1,1,0.2925,0.3024,0.420833,0.12065,316,1817,2133,Spring,Cerah/Berawan,Rabu,2011,11.9925,42.0833
68,2011-03-09,1,0,3,0,3,1,2,0.295833,0.286608,0.775417,0.22015,191,1700,1891,Spring,Berkabut,Kamis,2011,12.129153,77.5417
69,2011-03-10,1,0,3,0,4,1,3,0.389091,0.385668,0.0,0.261877,46,577,623,Spring,Hujan Ringan/Salju,Jumat,2011,15.952731,0.0
70,2011-03-11,1,0,3,0,5,1,2,0.316522,0.305,0.649565,0.23297,247,1730,1977,Spring,Berkabut,Sabtu,2011,12.977402000000001,64.95649999999999
71,2011-03-12,1,0,3,0,6,0,1,0.329167,0.32575,0.594583,0.220775,724,1408,2132,Spring,Cerah/Berawan,Minggu,2011,13.495847,59.458299999999994
72,2011-03-13,1,0,3,0,0,0,1,0.384348,0.380091,0.527391,0.270604,982,1435,2417,Spring,Cerah/Berawan,Senin,2011,15.758268000000001,52.73910000000001
73,2011-03-14,1,0,3,0,1,1,1,0.325217,0.332,0.496957,0.136926,359,1687,2046,Spring,Cerah/Berawan,Selasa,2011,13.333896999999999,49.695699999999995
74,2011-03-15,1,0,3,0,2,1,2,0.317391,0.318178,0.655652,0.184309,289,1767,2056,Spring,Berkabut,Rabu,2011,13.013031,65.5652
75,2011-03-16,1,0,3,0,3,1,2,0.365217,0.36693,0.776522,0.203117,321,1871,2192,Spring,Berkabut,Kamis,2011,14.973897000000001,77.65220000000001
76,2011-03-17,1,0,3,0,4,1,1,0.415,0.410333,0.602917,0.209579,424,2320,2744,Spring,Cerah/Berawan,Jumat,2011,17.015,60.291700000000006
77,2011-03-18,1,0,3,0,5,1,1,0.54,0.527009,0.525217,0.231017,884,2355,3239,Spring,Cerah/Berawan,Sabtu,2011,22.14,52.5217
78,2011-03-19,1,0,3,0,6,0,1,0.4725,0.466525,0.379167,0.368167,1424,1693,3117,Spring,Cerah/Berawan,Minggu,2011,19.3725,37.9167
79,2011-03-20,1,0,3,0,0,0,1,0.3325,0.32575,0.47375,0.207721,1047,1424,2471,Spring,Cerah/Berawan,Senin,2011,13.6325,47.375
80,2011-03-21,2,0,3,0,1,1,2,0.430435,0.409735,0.737391,0.288783,401,1676,2077,Summer,Berkabut,Selasa,2011,17.647835,73.73910000000001
81,2011-03-22,2,0,3,0,2,1,1,0.441667,0.440642,0.624583,0.22575,460,2243,2703,Summer,Cerah/Berawan,Rabu,2011,18.108347,62.4583
82,2011-03-23,2,0,3,0,3,1,2,0.346957,0.337939,0.839565,0.234261,203,1918,2121,Summer,Berkabut,Kamis,2011,14.225237,83.9565
83,2011-03-24,2,0,3,0,4,1,2,0.285,0.270833,0.805833,0.243787,166,1699,1865,Summer,Berkabut,Jumat,2011,11.684999999999999,80.58330000000001
84,2011-03-25,2,0,3,0,5,1,1,0.264167,0.256312,0.495,0.230725,300,1910,2210,Summer,Cerah/Berawan,Sabtu,2011,10.830846999999999,49.5
85,2011-03-26,2,0,3,0,6,0,1,0.265833,0.257571,0.394167,0.209571,981,1515,2496,Summer,Cerah/Berawan,Minggu,2011,10.899153,39.4167
86,2011-03-27,2,0,3,0,0,0,2,0.253043,0.250339,0.493913,0.1843,472,1221,1693,Summer,Berkabut,Senin,2011,10.374763000000002,49.3913
87,2011-03-28,2,0,3,0,1,1,1,0.264348,0.257574,0.302174,0.212204,222,1806,2028,Summer,Cerah/Berawan,Selasa,2011,10.838268000000001,30.2174
88,2011-03-29,2,0,3,0,2,1,1,0.3025,0.292908,0.314167,0.226996,317,2108,2425,Summer,Cerah/Berawan,Rabu,2011,12.4025,31.4167
89,2011-03-30,2,0,3,0,3,1,2,0.3,0.29735,0.646667,0.172888,168,1368,1536,Summer,Berkabut,Kamis,2011,12.299999999999999,64.6667
90,2011-03-31,2,0,3,0,4,1,3,0.268333,0.257575,0.918333,0.217646,179,1506,1685,Summer,Hujan Ringan/Salju,Jumat,2011,11.001653,91.8333
91,2011-04-01,2,0,4,0,5,1,2,0.3,0.283454,0.68625,0.258708,307,1920,2227,Summer,Berkabut,Sabtu,2011,12.299999999999999,68.625
92,2011-04-02,2,0,4,0,6,0,2,0.315,0.315637,0.65375,0.197146,898,1354,2252,Summer,Berkabut,Minggu,2011,12.915000000000001,65.375
93,2011-04-03,2,0,4,0,0,0,1,0.378333,0.378767,0.48,0.182213,1651,1598,3249,Summer,Cerah/Berawan,Senin,2011,15.511652999999999,48.0
94,2011-04-04,2,0,4,0,1,1,1,0.573333,0.542929,0.42625,0.385571,734,2381,3115,Summer,Cerah/Berawan,Selasa,2011,23.506653,42.625
95,2011-04-05,2,0,4,0,2,1,2,0.414167,0.39835,0.642083,0.388067,167,1628,1795,Summer,Berkabut,Rabu,2011,16.980847,64.2083
96,2011-04-06,2,0,4,0,3,1,1,0.390833,0.387608,0.470833,0.263063,413,2395,2808,Summer,Cerah/Berawan,Kamis,2011,16.024153,47.0833
97,2011-04-07,2,0,4,0,4,1,1,0.4375,0.433696,0.602917,0.162312,571,2570,3141,Summer,Cerah/Berawan,Jumat,2011,17.9375,60.291700000000006
98,2011-04-08,2,0,4,0,5,1,2,0.335833,0.324479,0.83625,0.226992,172,1299,1471,Summer,Berkabut,Sabtu,2011,13.769153,83.625
99,2011-04-09,2,0,4,0,6,0,2,0.3425,0.341529,0.8775,0.133083,879,1576,2455,Summer,Berkabut,Minggu,2011,14.0425,87.75
100,2011-04-10,2,0,4,0,0,0,2,0.426667,0.426737,0.8575,0.146767,1188,1707,2895,Summer,Berkabut,Senin,2011,17.493347,85.75
101,2011-04-11,2,0,4,0,1,1,2,0.595652,0.565217,0.716956,0.324474,855,2493,3348,Summer,Berkabut,Selasa,2011,24.421732,71.6956
102,2011-04-12,2,0,4,0,2,1,2,0.5025,0.493054,0.739167,0.274879,257,1777,2034,Summer,Berkabut,Rabu,2011,20.6025,73.9167
103,2011-04-13,2,0,4,0,3,1,2,0.4125,0.417283,0.819167,0.250617,209,1953,2162,Summer,Berkabut,Kamis,2011,16.912499999999998,81.91669999999999
104,2011-04-14,2,0,4,0,4,1,1,0.4675,0.462742,0.540417,0.1107,529,2738,3267,Summer,Cerah/Berawan,Jumat,2011,19.1675,54.041700000000006
105,2011-04-15,2,0,4,1,5,0,1,0.446667,0.441913,0.67125,0.226375,642,2484,3126,Summer,Cerah/Berawan,Sabtu,2011,18.313347,67.125
106,2011-04-16,2,0,4,0,6,0,3,0.430833,0.425492,0.888333,0.340808,121,674,795,Summer,Hujan Ringan/Salju,Minggu,2011,17.664153000000002,88.83330000000001
107,2011-04-17,2,0,4,0,0,0,1,0.456667,0.445696,0.479583,0.303496,1558,2186,3744,Summer,Cerah/Berawan,Senin,2011,18.723347,47.9583
108,2011-04-18,2,0,4,0,1,1,1,0.5125,0.503146,0.5425,0.163567,669,2760,3429,Summer,Cerah/Berawan,Selasa,2011,21.0125,54.25
109,2011-04-19,2,0,4,0,2,1,2,0.505833,0.489258,0.665833,0.157971,409,2795,3204,Summer,Berkabut,Rabu,2011,20.739152999999998,66.5833
110,2011-04-20,2,0,4,0,3,1,1,0.595,0.564392,0.614167,0.241925,613,3331,3944,Summer,Cerah/Berawan,Kamis,2011,24.395,61.4167
111,2011-04-21,2,0,4,0,4,1,1,0.459167,0.453892,0.407083,0.325258,745,3444,4189,Summer,Cerah/Berawan,Jumat,2011,18.825847,40.708299999999994
112,2011-04-22,2,0,4,0,5,1,2,0.336667,0.321954,0.729583,0.219521,177,1506,1683,Summer,Berkabut,Sabtu,2011,13.803347,72.9583
113,2011-04-23,2,0,4,0,6,0,2,0.46,0.450121,0.887917,0.230725,1462,2574,4036,Summer,Berkabut,Minggu,2011,18.86,88.79169999999999
114,2011-04-24,2,0,4,0,0,0,2,0.581667,0.551763,0.810833,0.192175,1710,2481,4191,Summer,Berkabut,Senin,2011,23.848347,81.08330000000001
115,2011-04-25,2,0,4,0,1,1,1,0.606667,0.5745,0.776667,0.185333,773,3300,4073,Summer,Cerah/Berawan,Selasa,2011,24.873347,77.6667
116,2011-04-26,2,0,4,0,2,1,1,0.631667,0.594083,0.729167,0.3265,678,3722,4400,Summer,Cerah/Berawan,Rabu,2011,25.898346999999998,72.9167
117,2011-04-27,2,0,4,0,3,1,2,0.62,0.575142,0.835417,0.3122,547,3325,3872,Summer,Berkabut,Kamis,2011,25.419999999999998,83.54169999999999
118,2011-04-28,2,0,4,0,4,1,2,0.6175,0.578929,0.700833,0.320908,569,3489,4058,Summer,Berkabut,Jumat,2011,25.317500000000003,70.08330000000001
119,2011-04-29,2,0,4,0,5,1,1,0.51,0.497463,0.457083,0.240063,878,3717,4595,Summer,Cerah/Berawan,Sabtu,2011,20.91,45.7083
120,2011-04-30,2,0,4,0,6,0,1,0.4725,0.464021,0.503333,0.235075,1965,3347,5312,Summer,Cerah/Berawan,Minggu,2011,19.3725,50.3333
121,2011-05-01,2,0,5,0,0,0,2,0.451667,0.448204,0.762083,0.106354,1138,2213,3351,Summer,Berkabut,Senin,2011,18.518347,76.2083
122,2011-05-02,2,0,5,0,1,1,2,0.549167,0.532833,0.73,0.183454,847,3554,4401,Summer,Berkabut,Selasa,2011,22.515846999999997,73.0
123,2011-05-03,2,0,5,0,2,1,2,0.616667,0.582079,0.697083,0.342667,603,3848,4451,Summer,Berkabut,Rabu,2011,25.283347,69.7083
124,2011-05-04,2,0,5,0,3,1,2,0.414167,0.40465,0.737083,0.328996,255,2378,2633,Summer,Berkabut,Kamis,2011,16.980847,73.70830000000001
125,2011-05-05,2,0,5,0,4,1,1,0.459167,0.441917,0.444167,0.295392,614,3819,4433,Summer,Cerah/Berawan,Jumat,2011,18.825847,44.4167
126,2011-05-06,2,0,5,0,5,1,1,0.479167,0.474117,0.59,0.228246,894,3714,4608,Summer,Cerah/Berawan,Sabtu,2011,19.645847,59.0
127,2011-05-07,2,0,5,0,6,0,1,0.52,0.512621,0.54125,0.16045,1612,3102,4714,Summer,Cerah/Berawan,Minggu,2011,21.32,54.125
128,2011-05-08,2,0,5,0,0,0,1,0.528333,0.518933,0.631667,0.0746375,1401,2932,4333,Summer,Cerah/Berawan,Senin,2011,21.661653,63.1667
129,2011-05-09,2,0,5,0,1,1,1,0.5325,0.525246,0.58875,0.176,664,3698,4362,Summer,Cerah/Berawan,Selasa,2011,21.8325,58.875
130,2011-05-10,2,0,5,0,2,1,1,0.5325,0.522721,0.489167,0.115671,694,4109,4803,Summer,Cerah/Berawan,Rabu,2011,21.8325,48.9167
131,2011-05-11,2,0,5,0,3,1,1,0.5425,0.5284,0.632917,0.120642,550,3632,4182,Summer,Cerah/Berawan,Kamis,2011,22.2425,63.29169999999999
132,2011-05-12,2,0,5,0,4,1,1,0.535,0.523363,0.7475,0.189667,695,4169,4864,Summer,Cerah/Berawan,Jumat,2011,21.935000000000002,74.75
133,2011-05-13,2,0,5,0,5,1,2,0.5125,0.4943,0.863333,0.179725,692,3413,4105,Summer,Berkabut,Sabtu,2011,21.0125,86.33330000000001
134,2011-05-14,2,0,5,0,6,0,2,0.520833,0.500629,0.9225,0.13495,902,2507,3409,Summer,Berkabut,Minggu,2011,21.354153,92.25
135,2011-05-15,2,0,5,0,0,0,2,0.5625,0.536,0.867083,0.152979,1582,2971,4553,Summer,Berkabut,Senin,2011,23.0625,86.70830000000001
136,2011-05-16,2,0,5,0,1,1,1,0.5775,0.550512,0.787917,0.126871,773,3185,3958,Summer,Cerah/Berawan,Selasa,2011,23.677500000000002,78.79169999999999
137,2011-05-17,2,0,5,0,2,1,2,0.561667,0.538529,0.837917,0.277354,678,3445,4123,Summer,Berkabut,Rabu,2011,23.028347,83.7917
138,2011-05-18,2,0,5,0,3,1,2,0.55,0.527158,0.87,0.201492,536,3319,3855,Summer,Berkabut,Kamis,2011,22.55,87.0
139,2011-05-19,2,0,5,0,4,1,2,0.530833,0.510742,0.829583,0.108213,735,3840,4575,Summer,Berkabut,Jumat,2011,21.764153,82.9583
140,2011-05-20,2,0,5,0,5,1,1,0.536667,0.529042,0.719583,0.125013,909,4008,4917,Summer,Cerah/Berawan,Sabtu,2011,22.003347,71.9583
141,2011-05-21,2,0,5,0,6,0,1,0.6025,0.571975,0.626667,0.12065,2258,3547,5805,Summer,Cerah/Berawan,Minggu,2011,24.7025,62.6667
142,2011-05-22,2,0,5,0,0,0,1,0.604167,0.5745,0.749583,0.148008,1576,3084,4660,Summer,Cerah/Berawan,Senin,2011,24.770847,74.9583
143,2011-05-23,2,0,5,0,1,1,2,0.631667,0.590296,0.81,0.233842,836,3438,4274,Summer,Berkabut,Selasa,2011,25.898346999999998,81.0
144,2011-05-24,2,0,5,0,2,1,2,0.66,0.604813,0.740833,0.207092,659,3833,4492,Summer,Berkabut,Rabu,2011,27.060000000000002,74.0833
145,2011-05-25,2,0,5,0,3,1,1,0.660833,0.615542,0.69625,0.154233,740,4238,4978,Summer,Cerah/Berawan,Kamis,2011,27.094153,69.625
146,2011-05-26,2,0,5,0,4,1,1,0.708333,0.654688,0.6775,0.199642,758,3919,4677,Summer,Cerah/Berawan,Jumat,2011,29.041653,67.75
147,2011-05-27,2,0,5,0,5,1,1,0.681667,0.637008,0.65375,0.240679,871,3808,4679,Summer,Cerah/Berawan,Sabtu,2011,27.948347000000002,65.375
148,2011-05-28,2,0,5,0,6,0,1,0.655833,0.612379,0.729583,0.230092,2001,2757,4758,Summer,Cerah/Berawan,Minggu,2011,26.889153,72.9583
149,2011-05-29,2,0,5,0,0,0,1,0.6675,0.61555,0.81875,0.213938,2355,2433,4788,Summer,Cerah/Berawan,Senin,2011,27.3675,81.875
150,2011-05-30,2,0,5,1,1,0,1,0.733333,0.671092,0.685,0.131225,1549,2549,4098,Summer,Cerah/Berawan,Selasa,2011,30.066653000000002,68.5
151,2011-05-31,2,0,5,0,2,1,1,0.775,0.725383,0.636667,0.111329,673,3309,3982,Summer,Cerah/Berawan,Rabu,2011,31.775000000000002,63.6667
152,2011-06-01,2,0,6,0,3,1,2,0.764167,0.720967,0.677083,0.207092,513,3461,3974,Summer,Berkabut,Kamis,2011,31.330847000000002,67.7083
153,2011-06-02,2,0,6,0,4,1,1,0.715,0.643942,0.305,0.292287,736,4232,4968,Summer,Cerah/Berawan,Jumat,2011,29.314999999999998,30.5
154,2011-06-03,2,0,6,0,5,1,1,0.62,0.587133,0.354167,0.253121,898,4414,5312,Summer,Cerah/Berawan,Sabtu,2011,25.419999999999998,35.4167
155,2011-06-04,2,0,6,0,6,0,1,0.635,0.594696,0.45625,0.123142,1869,3473,5342,Summer,Cerah/Berawan,Minggu,2011,26.035,45.625
156,2011-06-05,2,0,6,0,0,0,2,0.648333,0.616804,0.6525,0.138692,1685,3221,4906,Summer,Berkabut,Senin,2011,26.581653000000003,65.25
157,2011-06-06,2,0,6,0,1,1,1,0.678333,0.621858,0.6,0.121896,673,3875,4548,Summer,Cerah/Berawan,Selasa,2011,27.811653,60.0
158,2011-06-07,2,0,6,0,2,1,1,0.7075,0.65595,0.597917,0.187808,763,4070,4833,Summer,Cerah/Berawan,Rabu,2011,29.0075,59.791700000000006
159,2011-06-08,2,0,6,0,3,1,1,0.775833,0.727279,0.622083,0.136817,676,3725,4401,Summer,Cerah/Berawan,Kamis,2011,31.809153,62.20830000000001
160,2011-06-09,2,0,6,0,4,1,2,0.808333,0.757579,0.568333,0.149883,563,3352,3915,Summer,Berkabut,Jumat,2011,33.141653,56.833299999999994
161,2011-06-10,2,0,6,0,5,1,1,0.755,0.703292,0.605,0.140554,815,3771,4586,Summer,Cerah/Berawan,Sabtu,2011,30.955000000000002,60.5
162,2011-06-11,2,0,6,0,6,0,1,0.725,0.678038,0.654583,0.15485,1729,3237,4966,Summer,Cerah/Berawan,Minggu,2011,29.724999999999998,65.45830000000001
163,2011-06-12,2,0,6,0,0,0,1,0.6925,0.643325,0.747917,0.163567,1467,2993,4460,Summer,Cerah/Berawan,Senin,2011,28.392500000000002,74.7917
164,2011-06-13,2,0,6,0,1,1,1,0.635,0.601654,0.494583,0.30535,863,4157,5020,Summer,Cerah/Berawan,Selasa,2011,26.035,49.4583
165,2011-06-14,2,0,6,0,2,1,1,0.604167,0.591546,0.507083,0.269283,727,4164,4891,Summer,Cerah/Berawan,Rabu,2011,24.770847,50.708299999999994
166,2011-06-15,2,0,6,0,3,1,1,0.626667,0.587754,0.471667,0.167912,769,4411,5180,Summer,Cerah/Berawan,Kamis,2011,25.693347,47.1667
167,2011-06-16,2,0,6,0,4,1,2,0.628333,0.595346,0.688333,0.206471,545,3222,3767,Summer,Berkabut,Jumat,2011,25.761653000000003,68.8333
168,2011-06-17,2,0,6,0,5,1,1,0.649167,0.600383,0.735833,0.143029,863,3981,4844,Summer,Cerah/Berawan,Sabtu,2011,26.615847000000002,73.5833
169,2011-06-18,2,0,6,0,6,0,1,0.696667,0.643954,0.670417,0.119408,1807,3312,5119,Summer,Cerah/Berawan,Minggu,2011,28.563347,67.0417
170,2011-06-19,2,0,6,0,0,0,2,0.699167,0.645846,0.666667,0.102,1639,3105,4744,Summer,Berkabut,Senin,2011,28.665847,66.6667
171,2011-06-20,2,0,6,0,1,1,2,0.635,0.595346,0.74625,0.155475,699,3311,4010,Summer,Berkabut,Selasa,2011,26.035,74.625
172,2011-06-21,3,0,6,0,2,1,2,0.680833,0.637646,0.770417,0.171025,774,4061,4835,Fall,Berkabut,Rabu,2011,27.914153000000002,77.0417
173,2011-06-22,3,0,6,0,3,1,1,0.733333,0.693829,0.7075,0.172262,661,3846,4507,Fall,Cerah/Berawan,Kamis,2011,30.066653000000002,70.75
174,2011-06-23,3,0,6,0,4,1,2,0.728333,0.693833,0.703333,0.238804,746,4044,4790,Fall,Berkabut,Jumat,2011,29.861653,70.3333
175,2011-06-24,3,0,6,0,5,1,1,0.724167,0.656583,0.573333,0.222025,969,4022,4991,Fall,Cerah/Berawan,Sabtu,2011,29.690847,57.3333
176,2011-06-25,3,0,6,0,6,0,1,0.695,0.643313,0.483333,0.209571,1782,3420,5202,Fall,Cerah/Berawan,Minggu,2011,28.494999999999997,48.3333
177,2011-06-26,3,0,6,0,0,0,1,0.68,0.637629,0.513333,0.0945333,1920,3385,5305,Fall,Cerah/Berawan,Senin,2011,27.880000000000003,51.3333
178,2011-06-27,3,0,6,0,1,1,2,0.6825,0.637004,0.658333,0.107588,854,3854,4708,Fall,Berkabut,Selasa,2011,27.982499999999998,65.8333
179,2011-06-28,3,0,6,0,2,1,1,0.744167,0.692558,0.634167,0.144283,732,3916,4648,Fall,Cerah/Berawan,Rabu,2011,30.510847000000002,63.416700000000006
180,2011-06-29,3,0,6,0,3,1,1,0.728333,0.654688,0.497917,0.261821,848,4377,5225,Fall,Cerah/Berawan,Kamis,2011,29.861653,49.7917
181,2011-06-30,3,0,6,0,4,1,1,0.696667,0.637008,0.434167,0.185312,1027,4488,5515,Fall,Cerah/Berawan,Jumat,2011,28.563347,43.416700000000006
182,2011-07-01,3,0,7,0,5,1,1,0.7225,0.652162,0.39625,0.102608,1246,4116,5362,Fall,Cerah/Berawan,Sabtu,2011,29.622500000000002,39.625
183,2011-07-02,3,0,7,0,6,0,1,0.738333,0.667308,0.444583,0.115062,2204,2915,5119,Fall,Cerah/Berawan,Minggu,2011,30.271653,44.4583
184,2011-07-03,3,0,7,0,0,0,2,0.716667,0.668575,0.6825,0.228858,2282,2367,4649,Fall,Berkabut,Senin,2011,29.383347,68.25
185,2011-07-04,3,0,7,1,1,0,2,0.726667,0.665417,0.637917,0.0814792,3065,2978,6043,Fall,Berkabut,Selasa,2011,29.793346999999997,63.7917
186,2011-07-05,3,0,7,0,2,1,1,0.746667,0.696338,0.590417,0.126258,1031,3634,4665,Fall,Cerah/Berawan,Rabu,2011,30.613346999999997,59.0417
187,2011-07-06,3,0,7,0,3,1,1,0.72,0.685633,0.743333,0.149883,784,3845,4629,Fall,Cerah/Berawan,Kamis,2011,29.52,74.33330000000001
188,2011-07-07,3,0,7,0,4,1,1,0.75,0.686871,0.65125,0.1592,754,3838,4592,Fall,Cerah/Berawan,Jumat,2011,30.75,65.125
189,2011-07-08,3,0,7,0,5,1,2,0.709167,0.670483,0.757917,0.225129,692,3348,4040,Fall,Berkabut,Sabtu,2011,29.075847,75.79169999999999
190,2011-07-09,3,0,7,0,6,0,1,0.733333,0.664158,0.609167,0.167912,1988,3348,5336,Fall,Cerah/Berawan,Minggu,2011,30.066653000000002,60.9167
191,2011-07-10,3,0,7,0,0,0,1,0.7475,0.690025,0.578333,0.183471,1743,3138,4881,Fall,Cerah/Berawan,Senin,2011,30.6475,57.8333
192,2011-07-11,3,0,7,0,1,1,1,0.7625,0.729804,0.635833,0.282337,723,3363,4086,Fall,Cerah/Berawan,Selasa,2011,31.2625,63.5833
193,2011-07-12,3,0,7,0,2,1,1,0.794167,0.739275,0.559167,0.200254,662,3596,4258,Fall,Cerah/Berawan,Rabu,2011,32.560846999999995,55.9167
194,2011-07-13,3,0,7,0,3,1,1,0.746667,0.689404,0.631667,0.146133,748,3594,4342,Fall,Cerah/Berawan,Kamis,2011,30.613346999999997,63.1667
195,2011-07-14,3,0,7,0,4,1,1,0.680833,0.635104,0.47625,0.240667,888,4196,5084,Fall,Cerah/Berawan,Jumat,2011,27.914153000000002,47.625
196,2011-07-15,3,0,7,0,5,1,1,0.663333,0.624371,0.59125,0.182833,1318,4220,5538,Fall,Cerah/Berawan,Sabtu,2011,27.196652999999998,59.12500000000001
197,2011-07-16,3,0,7,0,6,0,1,0.686667,0.638263,0.585,0.208342,2418,3505,5923,Fall,Cerah/Berawan,Minggu,2011,28.153347,58.5
198,2011-07-17,3,0,7,0,0,0,1,0.719167,0.669833,0.604167,0.245033,2006,3296,5302,Fall,Cerah/Berawan,Senin,2011,29.485847,60.4167
199,2011-07-18,3,0,7,0,1,1,1,0.746667,0.703925,0.65125,0.215804,841,3617,4458,Fall,Cerah/Berawan,Selasa,2011,30.613346999999997,65.125
200,2011-07-19,3,0,7,0,2,1,1,0.776667,0.747479,0.650417,0.1306,752,3789,4541,Fall,Cerah/Berawan,Rabu,2011,31.843347,65.0417
201,2011-07-20,3,0,7,0,3,1,1,0.768333,0.74685,0.707083,0.113817,644,3688,4332,Fall,Cerah/Berawan,Kamis,2011,31.501653,70.70830000000001
202,2011-07-21,3,0,7,0,4,1,2,0.815,0.826371,0.69125,0.222021,632,3152,3784,Fall,Berkabut,Jumat,2011,33.415,69.125
203,2011-07-22,3,0,7,0,5,1,1,0.848333,0.840896,0.580417,0.1331,562,2825,3387,Fall,Cerah/Berawan,Sabtu,2011,34.781653,58.0417
204,2011-07-23,3,0,7,0,6,0,1,0.849167,0.804287,0.5,0.131221,987,2298,3285,Fall,Cerah/Berawan,Minggu,2011,34.815847,50.0
205,2011-07-24,3,0,7,0,0,0,1,0.83,0.794829,0.550833,0.169171,1050,2556,3606,Fall,Cerah/Berawan,Senin,2011,34.03,55.0833
206,2011-07-25,3,0,7,0,1,1,1,0.743333,0.720958,0.757083,0.0908083,568,3272,3840,Fall,Cerah/Berawan,Selasa,2011,30.476653000000002,75.7083
207,2011-07-26,3,0,7,0,2,1,1,0.771667,0.696979,0.540833,0.200258,750,3840,4590,Fall,Cerah/Berawan,Rabu,2011,31.638347,54.0833
208,2011-07-27,3,0,7,0,3,1,1,0.775,0.690667,0.402917,0.183463,755,3901,4656,Fall,Cerah/Berawan,Kamis,2011,31.775000000000002,40.291700000000006
209,2011-07-28,3,0,7,0,4,1,1,0.779167,0.7399,0.583333,0.178479,606,3784,4390,Fall,Cerah/Berawan,Jumat,2011,31.945847,58.3333
210,2011-07-29,3,0,7,0,5,1,1,0.838333,0.785967,0.5425,0.174138,670,3176,3846,Fall,Cerah/Berawan,Sabtu,2011,34.371653,54.25
211,2011-07-30,3,0,7,0,6,0,1,0.804167,0.728537,0.465833,0.168537,1559,2916,4475,Fall,Cerah/Berawan,Minggu,2011,32.970847,46.5833
212,2011-07-31,3,0,7,0,0,0,1,0.805833,0.729796,0.480833,0.164813,1524,2778,4302,Fall,Cerah/Berawan,Senin,2011,33.039153,48.0833
213,2011-08-01,3,0,8,0,1,1,1,0.771667,0.703292,0.550833,0.156717,729,3537,4266,Fall,Cerah/Berawan,Selasa,2011,31.638347,55.0833
214,2011-08-02,3,0,8,0,2,1,1,0.783333,0.707071,0.49125,0.20585,801,4044,4845,Fall,Cerah/Berawan,Rabu,2011,32.116653,49.125
215,2011-08-03,3,0,8,0,3,1,2,0.731667,0.679937,0.6575,0.135583,467,3107,3574,Fall,Berkabut,Kamis,2011,29.998347,65.75
216,2011-08-04,3,0,8,0,4,1,2,0.71,0.664788,0.7575,0.19715,799,3777,4576,Fall,Berkabut,Jumat,2011,29.11,75.75
217,2011-08-05,3,0,8,0,5,1,1,0.710833,0.656567,0.630833,0.184696,1023,3843,4866,Fall,Cerah/Berawan,Sabtu,2011,29.144153000000003,63.083299999999994
218,2011-08-06,3,0,8,0,6,0,2,0.716667,0.676154,0.755,0.22825,1521,2773,4294,Fall,Berkabut,Minggu,2011,29.383347,75.5
219,2011-08-07,3,0,8,0,0,0,1,0.7425,0.715292,0.752917,0.201487,1298,2487,3785,Fall,Cerah/Berawan,Senin,2011,30.442500000000003,75.29169999999999
220,2011-08-08,3,0,8,0,1,1,1,0.765,0.703283,0.592083,0.192175,846,3480,4326,Fall,Cerah/Berawan,Selasa,2011,31.365000000000002,59.2083
221,2011-08-09,3,0,8,0,2,1,1,0.775,0.724121,0.570417,0.151121,907,3695,4602,Fall,Cerah/Berawan,Rabu,2011,31.775000000000002,57.04169999999999
222,2011-08-10,3,0,8,0,3,1,1,0.766667,0.684983,0.424167,0.200258,884,3896,4780,Fall,Cerah/Berawan,Kamis,2011,31.433346999999998,42.4167
223,2011-08-11,3,0,8,0,4,1,1,0.7175,0.651521,0.42375,0.164796,812,3980,4792,Fall,Cerah/Berawan,Jumat,2011,29.4175,42.375
224,2011-08-12,3,0,8,0,5,1,1,0.708333,0.654042,0.415,0.125621,1051,3854,4905,Fall,Cerah/Berawan,Sabtu,2011,29.041653,41.5
225,2011-08-13,3,0,8,0,6,0,2,0.685833,0.645858,0.729583,0.211454,1504,2646,4150,Fall,Berkabut,Minggu,2011,28.119153,72.9583
226,2011-08-14,3,0,8,0,0,0,2,0.676667,0.624388,0.8175,0.222633,1338,2482,3820,Fall,Berkabut,Senin,2011,27.743347,81.75
227,2011-08-15,3,0,8,0,1,1,1,0.665833,0.616167,0.712083,0.208954,775,3563,4338,Fall,Cerah/Berawan,Selasa,2011,27.299153,71.20830000000001
228,2011-08-16,3,0,8,0,2,1,1,0.700833,0.645837,0.578333,0.236329,721,4004,4725,Fall,Cerah/Berawan,Rabu,2011,28.734153000000003,57.8333
229,2011-08-17,3,0,8,0,3,1,1,0.723333,0.666671,0.575417,0.143667,668,4026,4694,Fall,Cerah/Berawan,Kamis,2011,29.656653,57.5417
230,2011-08-18,3,0,8,0,4,1,1,0.711667,0.662258,0.654583,0.233208,639,3166,3805,Fall,Cerah/Berawan,Jumat,2011,29.178347000000002,65.45830000000001
231,2011-08-19,3,0,8,0,5,1,2,0.685,0.633221,0.722917,0.139308,797,3356,4153,Fall,Berkabut,Sabtu,2011,28.085,72.2917
232,2011-08-20,3,0,8,0,6,0,1,0.6975,0.648996,0.674167,0.104467,1914,3277,5191,Fall,Cerah/Berawan,Minggu,2011,28.5975,67.41669999999999
233,2011-08-21,3,0,8,0,0,0,1,0.710833,0.675525,0.77,0.248754,1249,2624,3873,Fall,Cerah/Berawan,Senin,2011,29.144153000000003,77.0
234,2011-08-22,3,0,8,0,1,1,1,0.691667,0.638254,0.47,0.27675,833,3925,4758,Fall,Cerah/Berawan,Selasa,2011,28.358347000000002,47.0
235,2011-08-23,3,0,8,0,2,1,1,0.640833,0.606067,0.455417,0.146763,1281,4614,5895,Fall,Cerah/Berawan,Rabu,2011,26.274153,45.5417
236,2011-08-24,3,0,8,0,3,1,1,0.673333,0.630692,0.605,0.253108,949,4181,5130,Fall,Cerah/Berawan,Kamis,2011,27.606652999999998,60.5
237,2011-08-25,3,0,8,0,4,1,2,0.684167,0.645854,0.771667,0.210833,435,3107,3542,Fall,Berkabut,Jumat,2011,28.050846999999997,77.1667
238,2011-08-26,3,0,8,0,5,1,1,0.7,0.659733,0.76125,0.0839625,768,3893,4661,Fall,Cerah/Berawan,Sabtu,2011,28.7,76.125
239,2011-08-27,3,0,8,0,6,0,2,0.68,0.635556,0.85,0.375617,226,889,1115,Fall,Berkabut,Minggu,2011,27.880000000000003,85.0
240,2011-08-28,3,0,8,0,0,0,1,0.707059,0.647959,0.561765,0.304659,1415,2919,4334,Fall,Cerah/Berawan,Senin,2011,28.989418999999998,56.1765
241,2011-08-29,3,0,8,0,1,1,1,0.636667,0.607958,0.554583,0.159825,729,3905,4634,Fall,Cerah/Berawan,Selasa,2011,26.103347,55.45830000000001
242,2011-08-30,3,0,8,0,2,1,1,0.639167,0.594704,0.548333,0.125008,775,4429,5204,Fall,Cerah/Berawan,Rabu,2011,26.205847000000002,54.833299999999994
243,2011-08-31,3,0,8,0,3,1,1,0.656667,0.611121,0.597917,0.0833333,688,4370,5058,Fall,Cerah/Berawan,Kamis,2011,26.923347,59.791700000000006
244,2011-09-01,3,0,9,0,4,1,1,0.655,0.614921,0.639167,0.141796,783,4332,5115,Fall,Cerah/Berawan,Jumat,2011,26.855,63.916700000000006
245,2011-09-02,3,0,9,0,5,1,2,0.643333,0.604808,0.727083,0.139929,875,3852,4727,Fall,Berkabut,Sabtu,2011,26.376653,72.70830000000001
246,2011-09-03,3,0,9,0,6,0,1,0.669167,0.633213,0.716667,0.185325,1935,2549,4484,Fall,Cerah/Berawan,Minggu,2011,27.435847,71.6667
247,2011-09-04,3,0,9,0,0,0,1,0.709167,0.665429,0.742083,0.206467,2521,2419,4940,Fall,Cerah/Berawan,Senin,2011,29.075847,74.20830000000001
248,2011-09-05,3,0,9,1,1,0,2,0.673333,0.625646,0.790417,0.212696,1236,2115,3351,Fall,Berkabut,Selasa,2011,27.606652999999998,79.0417
249,2011-09-06,3,0,9,0,2,1,3,0.54,0.5152,0.886957,0.343943,204,2506,2710,Fall,Hujan Ringan/Salju,Rabu,2011,22.14,88.6957
250,2011-09-07,3,0,9,0,3,1,3,0.599167,0.544229,0.917083,0.0970208,118,1878,1996,Fall,Hujan Ringan/Salju,Kamis,2011,24.565847,91.7083
251,2011-09-08,3,0,9,0,4,1,3,0.633913,0.555361,0.939565,0.192748,153,1689,1842,Fall,Hujan Ringan/Salju,Jumat,2011,25.990433,93.9565
252,2011-09-09,3,0,9,0,5,1,2,0.65,0.578946,0.897917,0.124379,417,3127,3544,Fall,Berkabut,Sabtu,2011,26.650000000000002,89.79169999999999
253,2011-09-10,3,0,9,0,6,0,1,0.66,0.607962,0.75375,0.153608,1750,3595,5345,Fall,Cerah/Berawan,Minggu,2011,27.060000000000002,75.375
254,2011-09-11,3,0,9,0,0,0,1,0.653333,0.609229,0.71375,0.115054,1633,3413,5046,Fall,Cerah/Berawan,Senin,2011,26.786653,71.375
255,2011-09-12,3,0,9,0,1,1,1,0.644348,0.60213,0.692174,0.088913,690,4023,4713,Fall,Cerah/Berawan,Selasa,2011,26.418268,69.2174
256,2011-09-13,3,0,9,0,2,1,1,0.650833,0.603554,0.7125,0.141804,701,4062,4763,Fall,Cerah/Berawan,Rabu,2011,26.684153,71.25
257,2011-09-14,3,0,9,0,3,1,1,0.673333,0.6269,0.697083,0.1673,647,4138,4785,Fall,Cerah/Berawan,Kamis,2011,27.606652999999998,69.7083
258,2011-09-15,3,0,9,0,4,1,2,0.5775,0.553671,0.709167,0.271146,428,3231,3659,Fall,Berkabut,Jumat,2011,23.677500000000002,70.9167
259,2011-09-16,3,0,9,0,5,1,2,0.469167,0.461475,0.590417,0.164183,742,4018,4760,Fall,Berkabut,Sabtu,2011,19.235847,59.0417
260,2011-09-17,3,0,9,0,6,0,2,0.491667,0.478512,0.718333,0.189675,1434,3077,4511,Fall,Berkabut,Minggu,2011,20.158347,71.8333
261,2011-09-18,3,0,9,0,0,0,1,0.5075,0.490537,0.695,0.178483,1353,2921,4274,Fall,Cerah/Berawan,Senin,2011,20.807499999999997,69.5
262,2011-09-19,3,0,9,0,1,1,2,0.549167,0.529675,0.69,0.151742,691,3848,4539,Fall,Berkabut,Selasa,2011,22.515846999999997,69.0
263,2011-09-20,3,0,9,0,2,1,2,0.561667,0.532217,0.88125,0.134954,438,3203,3641,Fall,Berkabut,Rabu,2011,23.028347,88.125
264,2011-09-21,3,0,9,0,3,1,2,0.595,0.550533,0.9,0.0964042,539,3813,4352,Fall,Berkabut,Kamis,2011,24.395,90.0
265,2011-09-22,3,0,9,0,4,1,2,0.628333,0.554963,0.902083,0.128125,555,4240,4795,Fall,Berkabut,Jumat,2011,25.761653000000003,90.2083
266,2011-09-23,4,0,9,0,5,1,2,0.609167,0.522125,0.9725,0.0783667,258,2137,2395,Winter,Berkabut,Sabtu,2011,24.975847,97.25
267,2011-09-24,4,0,9,0,6,0,2,0.606667,0.564412,0.8625,0.0783833,1776,3647,5423,Winter,Berkabut,Minggu,2011,24.873347,86.25
268,2011-09-25,4,0,9,0,0,0,2,0.634167,0.572637,0.845,0.0503792,1544,3466,5010,Winter,Berkabut,Senin,2011,26.000847,84.5
269,2011-09-26,4,0,9,0,1,1,2,0.649167,0.589042,0.848333,0.1107,684,3946,4630,Winter,Berkabut,Selasa,2011,26.615847000000002,84.8333
270,2011-09-27,4,0,9,0,2,1,2,0.636667,0.574525,0.885417,0.118171,477,3643,4120,Winter,Berkabut,Rabu,2011,26.103347,88.5417
271,2011-09-28,4,0,9,0,3,1,2,0.635,0.575158,0.84875,0.148629,480,3427,3907,Winter,Berkabut,Kamis,2011,26.035,84.875
272,2011-09-29,4,0,9,0,4,1,1,0.616667,0.574512,0.699167,0.172883,653,4186,4839,Winter,Cerah/Berawan,Jumat,2011,25.283347,69.91669999999999
273,2011-09-30,4,0,9,0,5,1,1,0.564167,0.544829,0.6475,0.206475,830,4372,5202,Winter,Cerah/Berawan,Sabtu,2011,23.130847,64.75
274,2011-10-01,4,0,10,0,6,0,2,0.41,0.412863,0.75375,0.292296,480,1949,2429,Winter,Berkabut,Minggu,2011,16.81,75.375
275,2011-10-02,4,0,10,0,0,0,2,0.356667,0.345317,0.791667,0.222013,616,2302,2918,Winter,Berkabut,Senin,2011,14.623347,79.1667
276,2011-10-03,4,0,10,0,1,1,2,0.384167,0.392046,0.760833,0.0833458,330,3240,3570,Winter,Berkabut,Selasa,2011,15.750846999999998,76.0833
277,2011-10-04,4,0,10,0,2,1,1,0.484167,0.472858,0.71,0.205854,486,3970,4456,Winter,Cerah/Berawan,Rabu,2011,19.850847,71.0
278,2011-10-05,4,0,10,0,3,1,1,0.538333,0.527138,0.647917,0.17725,559,4267,4826,Winter,Cerah/Berawan,Kamis,2011,22.071652999999998,64.79169999999999
279,2011-10-06,4,0,10,0,4,1,1,0.494167,0.480425,0.620833,0.134954,639,4126,4765,Winter,Cerah/Berawan,Jumat,2011,20.260847000000002,62.083299999999994
280,2011-10-07,4,0,10,0,5,1,1,0.510833,0.504404,0.684167,0.0223917,949,4036,4985,Winter,Cerah/Berawan,Sabtu,2011,20.944153,68.41669999999999
281,2011-10-08,4,0,10,0,6,0,1,0.521667,0.513242,0.70125,0.0454042,2235,3174,5409,Winter,Cerah/Berawan,Minggu,2011,21.388347,70.125
282,2011-10-09,4,0,10,0,0,0,1,0.540833,0.523983,0.7275,0.06345,2397,3114,5511,Winter,Cerah/Berawan,Senin,2011,22.174153,72.75
283,2011-10-10,4,0,10,1,1,0,1,0.570833,0.542925,0.73375,0.0423042,1514,3603,5117,Winter,Cerah/Berawan,Selasa,2011,23.404153,73.375
284,2011-10-11,4,0,10,0,2,1,2,0.566667,0.546096,0.80875,0.143042,667,3896,4563,Winter,Berkabut,Rabu,2011,23.233347000000002,80.875
285,2011-10-12,4,0,10,0,3,1,3,0.543333,0.517717,0.90625,0.24815,217,2199,2416,Winter,Hujan Ringan/Salju,Kamis,2011,22.276653,90.625
286,2011-10-13,4,0,10,0,4,1,2,0.589167,0.551804,0.896667,0.141787,290,2623,2913,Winter,Berkabut,Jumat,2011,24.155847,89.6667
287,2011-10-14,4,0,10,0,5,1,2,0.550833,0.529675,0.71625,0.223883,529,3115,3644,Winter,Berkabut,Sabtu,2011,22.584153,71.625
288,2011-10-15,4,0,10,0,6,0,1,0.506667,0.498725,0.483333,0.258083,1899,3318,5217,Winter,Cerah/Berawan,Minggu,2011,20.773346999999998,48.3333
289,2011-10-16,4,0,10,0,0,0,1,0.511667,0.503154,0.486667,0.281717,1748,3293,5041,Winter,Cerah/Berawan,Senin,2011,20.978347,48.6667
290,2011-10-17,4,0,10,0,1,1,1,0.534167,0.510725,0.579583,0.175379,713,3857,4570,Winter,Cerah/Berawan,Selasa,2011,21.900847,57.958299999999994
291,2011-10-18,4,0,10,0,2,1,2,0.5325,0.522721,0.701667,0.110087,637,4111,4748,Winter,Berkabut,Rabu,2011,21.8325,70.1667
292,2011-10-19,4,0,10,0,3,1,3,0.541739,0.513848,0.895217,0.243339,254,2170,2424,Winter,Hujan Ringan/Salju,Kamis,2011,22.211299,89.52170000000001
293,2011-10-20,4,0,10,0,4,1,1,0.475833,0.466525,0.63625,0.422275,471,3724,4195,Winter,Cerah/Berawan,Jumat,2011,19.509153,63.625
294,2011-10-21,4,0,10,0,5,1,1,0.4275,0.423596,0.574167,0.221396,676,3628,4304,Winter,Cerah/Berawan,Sabtu,2011,17.5275,57.4167
295,2011-10-22,4,0,10,0,6,0,1,0.4225,0.425492,0.629167,0.0926667,1499,2809,4308,Winter,Cerah/Berawan,Minggu,2011,17.322499999999998,62.916700000000006
296,2011-10-23,4,0,10,0,0,0,1,0.421667,0.422333,0.74125,0.0995125,1619,2762,4381,Winter,Cerah/Berawan,Senin,2011,17.288347,74.125
297,2011-10-24,4,0,10,0,1,1,1,0.463333,0.457067,0.772083,0.118792,699,3488,4187,Winter,Cerah/Berawan,Selasa,2011,18.996653,77.2083
298,2011-10-25,4,0,10,0,2,1,1,0.471667,0.463375,0.622917,0.166658,695,3992,4687,Winter,Cerah/Berawan,Rabu,2011,19.338347,62.291700000000006
299,2011-10-26,4,0,10,0,3,1,2,0.484167,0.472846,0.720417,0.148642,404,3490,3894,Winter,Berkabut,Kamis,2011,19.850847,72.04169999999999
300,2011-10-27,4,0,10,0,4,1,2,0.47,0.457046,0.812917,0.197763,240,2419,2659,Winter,Berkabut,Jumat,2011,19.27,81.2917
301,2011-10-28,4,0,10,0,5,1,2,0.330833,0.318812,0.585833,0.229479,456,3291,3747,Winter,Berkabut,Sabtu,2011,13.564153,58.58330000000001
302,2011-10-29,4,0,10,0,6,0,3,0.254167,0.227913,0.8825,0.351371,57,570,627,Winter,Hujan Ringan/Salju,Minggu,2011,10.420846999999998,88.25
303,2011-10-30,4,0,10,0,0,0,1,0.319167,0.321329,0.62375,0.176617,885,2446,3331,Winter,Cerah/Berawan,Senin,2011,13.085847,62.375
304,2011-10-31,4,0,10,0,1,1,1,0.34,0.356063,0.703333,0.10635,362,3307,3669,Winter,Cerah/Berawan,Selasa,2011,13.940000000000001,70.3333
305,2011-11-01,4,0,11,0,2,1,1,0.400833,0.397088,0.68375,0.135571,410,3658,4068,Winter,Cerah/Berawan,Rabu,2011,16.434153,68.375
306,2011-11-02,4,0,11,0,3,1,1,0.3775,0.390133,0.71875,0.0820917,370,3816,4186,Winter,Cerah/Berawan,Kamis,2011,15.477500000000001,71.875
307,2011-11-03,4,0,11,0,4,1,1,0.408333,0.405921,0.702083,0.136817,318,3656,3974,Winter,Cerah/Berawan,Jumat,2011,16.741653,70.20830000000001
308,2011-11-04,4,0,11,0,5,1,2,0.403333,0.403392,0.6225,0.271779,470,3576,4046,Winter,Berkabut,Sabtu,2011,16.536653,62.25000000000001
309,2011-11-05,4,0,11,0,6,0,1,0.326667,0.323854,0.519167,0.189062,1156,2770,3926,Winter,Cerah/Berawan,Minggu,2011,13.393346999999999,51.916700000000006
310,2011-11-06,4,0,11,0,0,0,1,0.348333,0.362358,0.734583,0.0920542,952,2697,3649,Winter,Cerah/Berawan,Senin,2011,14.281653,73.4583
311,2011-11-07,4,0,11,0,1,1,1,0.395,0.400871,0.75875,0.057225,373,3662,4035,Winter,Cerah/Berawan,Selasa,2011,16.195,75.875
312,2011-11-08,4,0,11,0,2,1,1,0.408333,0.412246,0.721667,0.0690375,376,3829,4205,Winter,Cerah/Berawan,Rabu,2011,16.741653,72.16669999999999
313,2011-11-09,4,0,11,0,3,1,1,0.4,0.409079,0.758333,0.0621958,305,3804,4109,Winter,Cerah/Berawan,Kamis,2011,16.400000000000002,75.83330000000001
314,2011-11-10,4,0,11,0,4,1,2,0.38,0.373721,0.813333,0.189067,190,2743,2933,Winter,Berkabut,Jumat,2011,15.58,81.3333
315,2011-11-11,4,0,11,1,5,0,1,0.324167,0.306817,0.44625,0.314675,440,2928,3368,Winter,Cerah/Berawan,Sabtu,2011,13.290847,44.625
316,2011-11-12,4,0,11,0,6,0,1,0.356667,0.357942,0.552917,0.212062,1275,2792,4067,Winter,Cerah/Berawan,Minggu,2011,14.623347,55.2917
317,2011-11-13,4,0,11,0,0,0,1,0.440833,0.43055,0.458333,0.281721,1004,2713,3717,Winter,Cerah/Berawan,Senin,2011,18.074153,45.8333
318,2011-11-14,4,0,11,0,1,1,1,0.53,0.524612,0.587083,0.306596,595,3891,4486,Winter,Cerah/Berawan,Selasa,2011,21.73,58.7083
319,2011-11-15,4,0,11,0,2,1,2,0.53,0.507579,0.68875,0.199633,449,3746,4195,Winter,Berkabut,Rabu,2011,21.73,68.875
320,2011-11-16,4,0,11,0,3,1,3,0.456667,0.451988,0.93,0.136829,145,1672,1817,Winter,Hujan Ringan/Salju,Kamis,2011,18.723347,93.0
321,2011-11-17,4,0,11,0,4,1,2,0.341667,0.323221,0.575833,0.305362,139,2914,3053,Winter,Berkabut,Jumat,2011,14.008347,57.5833
322,2011-11-18,4,0,11,0,5,1,1,0.274167,0.272721,0.41,0.168533,245,3147,3392,Winter,Cerah/Berawan,Sabtu,2011,11.240847,41.0
323,2011-11-19,4,0,11,0,6,0,1,0.329167,0.324483,0.502083,0.224496,943,2720,3663,Winter,Cerah/Berawan,Minggu,2011,13.495847,50.208299999999994
324,2011-11-20,4,0,11,0,0,0,2,0.463333,0.457058,0.684583,0.18595,787,2733,3520,Winter,Berkabut,Senin,2011,18.996653,68.45830000000001
325,2011-11-21,4,0,11,0,1,1,3,0.4475,0.445062,0.91,0.138054,220,2545,2765,Winter,Hujan Ringan/Salju,Selasa,2011,18.3475,91.0
326,2011-11-22,4,0,11,0,2,1,3,0.416667,0.421696,0.9625,0.118792,69,1538,1607,Winter,Hujan Ringan/Salju,Rabu,2011,17.083347,96.25
327,2011-11-23,4,0,11,0,3,1,2,0.440833,0.430537,0.757917,0.335825,112,2454,2566,Winter,Berkabut,Kamis,2011,18.074153,75.79169999999999
328,2011-11-24,4,0,11,1,4,0,1,0.373333,0.372471,0.549167,0.167304,560,935,1495,Winter,Cerah/Berawan,Jumat,2011,15.306653,54.9167
329,2011-11-25,4,0,11,0,5,1,1,0.375,0.380671,0.64375,0.0988958,1095,1697,2792,Winter,Cerah/Berawan,Sabtu,2011,15.375,64.375
330,2011-11-26,4,0,11,0,6,0,1,0.375833,0.385087,0.681667,0.0684208,1249,1819,3068,Winter,Cerah/Berawan,Minggu,2011,15.409152999999998,68.1667
331,2011-11-27,4,0,11,0,0,0,1,0.459167,0.4558,0.698333,0.208954,810,2261,3071,Winter,Cerah/Berawan,Senin,2011,18.825847,69.8333
332,2011-11-28,4,0,11,0,1,1,1,0.503478,0.490122,0.743043,0.142122,253,3614,3867,Winter,Cerah/Berawan,Selasa,2011,20.642598,74.3043
333,2011-11-29,4,0,11,0,2,1,2,0.458333,0.451375,0.830833,0.258092,96,2818,2914,Winter,Berkabut,Rabu,2011,18.791653,83.08330000000001
334,2011-11-30,4,0,11,0,3,1,1,0.325,0.311221,0.613333,0.271158,188,3425,3613,Winter,Cerah/Berawan,Kamis,2011,13.325000000000001,61.3333
335,2011-12-01,4,0,12,0,4,1,1,0.3125,0.305554,0.524583,0.220158,182,3545,3727,Winter,Cerah/Berawan,Jumat,2011,12.8125,52.4583
336,2011-12-02,4,0,12,0,5,1,1,0.314167,0.331433,0.625833,0.100754,268,3672,3940,Winter,Cerah/Berawan,Sabtu,2011,12.880847,62.583299999999994
337,2011-12-03,4,0,12,0,6,0,1,0.299167,0.310604,0.612917,0.0957833,706,2908,3614,Winter,Cerah/Berawan,Minggu,2011,12.265847,61.291700000000006
338,2011-12-04,4,0,12,0,0,0,1,0.330833,0.3491,0.775833,0.0839583,634,2851,3485,Winter,Cerah/Berawan,Senin,2011,13.564153,77.5833
339,2011-12-05,4,0,12,0,1,1,2,0.385833,0.393925,0.827083,0.0622083,233,3578,3811,Winter,Berkabut,Selasa,2011,15.819153,82.70830000000001
340,2011-12-06,4,0,12,0,2,1,3,0.4625,0.4564,0.949583,0.232583,126,2468,2594,Winter,Hujan Ringan/Salju,Rabu,2011,18.962500000000002,94.9583
341,2011-12-07,4,0,12,0,3,1,3,0.41,0.400246,0.970417,0.266175,50,655,705,Winter,Hujan Ringan/Salju,Kamis,2011,16.81,97.04169999999999
342,2011-12-08,4,0,12,0,4,1,1,0.265833,0.256938,0.58,0.240058,150,3172,3322,Winter,Cerah/Berawan,Jumat,2011,10.899153,57.99999999999999
343,2011-12-09,4,0,12,0,5,1,1,0.290833,0.317542,0.695833,0.0827167,261,3359,3620,Winter,Cerah/Berawan,Sabtu,2011,11.924153,69.58330000000001
344,2011-12-10,4,0,12,0,6,0,1,0.275,0.266412,0.5075,0.233221,502,2688,3190,Winter,Cerah/Berawan,Minggu,2011,11.275,50.74999999999999
345,2011-12-11,4,0,12,0,0,0,1,0.220833,0.253154,0.49,0.0665417,377,2366,2743,Winter,Cerah/Berawan,Senin,2011,9.054153,49.0
346,2011-12-12,4,0,12,0,1,1,1,0.238333,0.270196,0.670833,0.06345,143,3167,3310,Winter,Cerah/Berawan,Selasa,2011,9.771652999999999,67.08330000000001
347,2011-12-13,4,0,12,0,2,1,1,0.2825,0.301138,0.59,0.14055,155,3368,3523,Winter,Cerah/Berawan,Rabu,2011,11.5825,59.0
348,2011-12-14,4,0,12,0,3,1,2,0.3175,0.338362,0.66375,0.0609583,178,3562,3740,Winter,Berkabut,Kamis,2011,13.0175,66.375
349,2011-12-15,4,0,12,0,4,1,2,0.4225,0.412237,0.634167,0.268042,181,3528,3709,Winter,Berkabut,Jumat,2011,17.322499999999998,63.416700000000006
350,2011-12-16,4,0,12,0,5,1,2,0.375,0.359825,0.500417,0.260575,178,3399,3577,Winter,Berkabut,Sabtu,2011,15.375,50.0417
351,2011-12-17,4,0,12,0,6,0,2,0.258333,0.249371,0.560833,0.243167,275,2464,2739,Winter,Berkabut,Minggu,2011,10.591652999999999,56.0833
352,2011-12-18,4,0,12,0,0,0,1,0.238333,0.245579,0.58625,0.169779,220,2211,2431,Winter,Cerah/Berawan,Senin,2011,9.771652999999999,58.62500000000001
353,2011-12-19,4,0,12,0,1,1,1,0.276667,0.280933,0.6375,0.172896,260,3143,3403,Winter,Cerah/Berawan,Selasa,2011,11.343347,63.74999999999999
354,2011-12-20,4,0,12,0,2,1,2,0.385833,0.396454,0.595417,0.0615708,216,3534,3750,Winter,Berkabut,Rabu,2011,15.819153,59.5417
355,2011-12-21,1,0,12,0,3,1,2,0.428333,0.428017,0.858333,0.2214,107,2553,2660,Spring,Berkabut,Kamis,2011,17.561653,85.83330000000001
356,2011-12-22,1,0,12,0,4,1,2,0.423333,0.426121,0.7575,0.047275,227,2841,3068,Spring,Berkabut,Jumat,2011,17.356653,75.75
357,2011-12-23,1,0,12,0,5,1,1,0.373333,0.377513,0.68625,0.274246,163,2046,2209,Spring,Cerah/Berawan,Sabtu,2011,15.306653,68.625
358,2011-12-24,1,0,12,0,6,0,1,0.3025,0.299242,0.5425,0.190304,155,856,1011,Spring,Cerah/Berawan,Minggu,2011,12.4025,54.25
359,2011-12-25,1,0,12,0,0,0,1,0.274783,0.279961,0.681304,0.155091,303,451,754,Spring,Cerah/Berawan,Senin,2011,11.266103,68.13040000000001
360,2011-12-26,1,0,12,1,1,0,1,0.321739,0.315535,0.506957,0.239465,430,887,1317,Spring,Cerah/Berawan,Selasa,2011,13.191299,50.6957
361,2011-12-27,1,0,12,0,2,1,2,0.325,0.327633,0.7625,0.18845,103,1059,1162,Spring,Berkabut,Rabu,2011,13.325000000000001,76.25
362,2011-12-28,1,0,12,0,3,1,1,0.29913,0.279974,0.503913,0.293961,255,2047,2302,Spring,Cerah/Berawan,Kamis,2011,12.264330000000001,50.39130000000001
363,2011-12-29,1,0,12,0,4,1,1,0.248333,0.263892,0.574167,0.119412,254,2169,2423,Spring,Cerah/Berawan,Jumat,2011,10.181653,57.4167
364,2011-12-30,1,0,12,0,5,1,1,0.311667,0.318812,0.636667,0.134337,491,2508,2999,Spring,Cerah/Berawan,Sabtu,2011,12.778347000000002,63.6667
365,2011-12-31,1,0,12,0,6,0,1,0.41,0.414121,0.615833,0.220154,665,1820,2485,Spring,Cerah/Berawan,Minggu,2011,16.81,61.583299999999994
366,2012-01-01,1,1,1,0,0,0,1,0.37,0.375621,0.6925,0.192167,686,1608,2294,Spring,Cerah/Berawan,Senin,2012,15.17,69.25
367,2012-01-02,1,1,1,1,1,0,1,0.273043,0.252304,0.381304,0.329665,244,1707,1951,Spring,Cerah/Berawan,Selasa,2012,11.194763,38.130399999999995
368,2012-01-03,1,1,1,0,2,1,1,0.15,0.126275,0.44125,0.365671,89,2147,2236,Spring,Cerah/Berawan,Rabu,2012,6.1499999999999995,44.125
369,2012-01-04,1,1,1,0,3,1,2,0.1075,0.119337,0.414583,0.1847,95,2273,2368,Spring,Berkabut,Kamis,2012,4.4075,41.4583
370,2012-01-05,1,1,1,0,4,1,1,0.265833,0.278412,0.524167,0.129987,140,3132,3272,Spring,Cerah/Berawan,Jumat,2012,10.899153,52.416700000000006
371,2012-01-06,1,1,1,0,5,1,1,0.334167,0.340267,0.542083,0.167908,307,3791,4098,Spring,Cerah/Berawan,Sabtu,2012,13.700847,54.2083
372,2012-01-07,1,1,1,0,6,0,1,0.393333,0.390779,0.531667,0.174758,1070,3451,4521,Spring,Cerah/Berawan,Minggu,2012,16.126653,53.1667
373,2012-01-08,1,1,1,0,0,0,1,0.3375,0.340258,0.465,0.191542,599,2826,3425,Spring,Cerah/Berawan,Senin,2012,13.8375,46.5
374,2012-01-09,1,1,1,0,1,1,2,0.224167,0.247479,0.701667,0.0989,106,2270,2376,Spring,Berkabut,Selasa,2012,9.190847,70.1667
375,2012-01-10,1,1,1,0,2,1,1,0.308696,0.318826,0.646522,0.187552,173,3425,3598,Spring,Cerah/Berawan,Rabu,2012,12.656536000000001,64.65220000000001
376,2012-01-11,1,1,1,0,3,1,2,0.274167,0.282821,0.8475,0.131221,92,2085,2177,Spring,Berkabut,Kamis,2012,11.240847,84.75
377,2012-01-12,1,1,1,0,4,1,2,0.3825,0.381938,0.802917,0.180967,269,3828,4097,Spring,Berkabut,Jumat,2012,15.682500000000001,80.2917
378,2012-01-13,1,1,1,0,5,1,1,0.274167,0.249362,0.5075,0.378108,174,3040,3214,Spring,Cerah/Berawan,Sabtu,2012,11.240847,50.74999999999999
379,2012-01-14,1,1,1,0,6,0,1,0.18,0.183087,0.4575,0.187183,333,2160,2493,Spring,Cerah/Berawan,Minggu,2012,7.38,45.75
380,2012-01-15,1,1,1,0,0,0,1,0.166667,0.161625,0.419167,0.251258,284,2027,2311,Spring,Cerah/Berawan,Senin,2012,6.833347000000001,41.9167
381,2012-01-16,1,1,1,1,1,0,1,0.19,0.190663,0.5225,0.231358,217,2081,2298,Spring,Cerah/Berawan,Selasa,2012,7.79,52.25
382,2012-01-17,1,1,1,0,2,1,2,0.373043,0.364278,0.716087,0.34913,127,2808,2935,Spring,Berkabut,Rabu,2012,15.294763,71.6087
383,2012-01-18,1,1,1,0,3,1,1,0.303333,0.275254,0.443333,0.415429,109,3267,3376,Spring,Cerah/Berawan,Kamis,2012,12.436653000000002,44.333299999999994
384,2012-01-19,1,1,1,0,4,1,1,0.19,0.190038,0.4975,0.220158,130,3162,3292,Spring,Cerah/Berawan,Jumat,2012,7.79,49.75
385,2012-01-20,1,1,1,0,5,1,2,0.2175,0.220958,0.45,0.20275,115,3048,3163,Spring,Berkabut,Sabtu,2012,8.9175,45.0
386,2012-01-21,1,1,1,0,6,0,2,0.173333,0.174875,0.83125,0.222642,67,1234,1301,Spring,Berkabut,Minggu,2012,7.106653,83.125
387,2012-01-22,1,1,1,0,0,0,2,0.1625,0.16225,0.79625,0.199638,196,1781,1977,Spring,Berkabut,Senin,2012,6.6625000000000005,79.625
388,2012-01-23,1,1,1,0,1,1,2,0.218333,0.243058,0.91125,0.110708,145,2287,2432,Spring,Berkabut,Selasa,2012,8.951653,91.125
389,2012-01-24,1,1,1,0,2,1,1,0.3425,0.349108,0.835833,0.123767,439,3900,4339,Spring,Cerah/Berawan,Rabu,2012,14.0425,83.58330000000001
390,2012-01-25,1,1,1,0,3,1,1,0.294167,0.294821,0.64375,0.161071,467,3803,4270,Spring,Cerah/Berawan,Kamis,2012,12.060847,64.375
391,2012-01-26,1,1,1,0,4,1,2,0.341667,0.35605,0.769583,0.0733958,244,3831,4075,Spring,Berkabut,Jumat,2012,14.008347,76.95830000000001
392,2012-01-27,1,1,1,0,5,1,2,0.425,0.415383,0.74125,0.342667,269,3187,3456,Spring,Berkabut,Sabtu,2012,17.425,74.125
393,2012-01-28,1,1,1,0,6,0,1,0.315833,0.326379,0.543333,0.210829,775,3248,4023,Spring,Cerah/Berawan,Minggu,2012,12.949152999999999,54.333299999999994
394,2012-01-29,1,1,1,0,0,0,1,0.2825,0.272721,0.31125,0.24005,558,2685,3243,Spring,Cerah/Berawan,Senin,2012,11.5825,31.125000000000004
395,2012-01-30,1,1,1,0,1,1,1,0.269167,0.262625,0.400833,0.215792,126,3498,3624,Spring,Cerah/Berawan,Selasa,2012,11.035847,40.0833
396,2012-01-31,1,1,1,0,2,1,1,0.39,0.381317,0.416667,0.261817,324,4185,4509,Spring,Cerah/Berawan,Rabu,2012,15.99,41.6667
397,2012-02-01,1,1,2,0,3,1,1,0.469167,0.466538,0.507917,0.189067,304,4275,4579,Spring,Cerah/Berawan,Kamis,2012,19.235847,50.79169999999999
398,2012-02-02,1,1,2,0,4,1,2,0.399167,0.398971,0.672917,0.187187,190,3571,3761,Spring,Berkabut,Jumat,2012,16.365847,67.29169999999999
399,2012-02-03,1,1,2,0,5,1,1,0.313333,0.309346,0.526667,0.178496,310,3841,4151,Spring,Cerah/Berawan,Sabtu,2012,12.846652999999998,52.6667
400,2012-02-04,1,1,2,0,6,0,2,0.264167,0.272725,0.779583,0.121896,384,2448,2832,Spring,Berkabut,Minggu,2012,10.830846999999999,77.95830000000001
401,2012-02-05,1,1,2,0,0,0,2,0.265833,0.264521,0.687917,0.175996,318,2629,2947,Spring,Berkabut,Senin,2012,10.899153,68.7917
402,2012-02-06,1,1,2,0,1,1,1,0.282609,0.296426,0.622174,0.1538,206,3578,3784,Spring,Cerah/Berawan,Selasa,2012,11.586969,62.2174
403,2012-02-07,1,1,2,0,2,1,1,0.354167,0.361104,0.49625,0.147379,199,4176,4375,Spring,Cerah/Berawan,Rabu,2012,14.520847,49.625
404,2012-02-08,1,1,2,0,3,1,2,0.256667,0.266421,0.722917,0.133721,109,2693,2802,Spring,Berkabut,Kamis,2012,10.523347,72.2917
405,2012-02-09,1,1,2,0,4,1,1,0.265,0.261988,0.562083,0.194037,163,3667,3830,Spring,Cerah/Berawan,Jumat,2012,10.865,56.2083
406,2012-02-10,1,1,2,0,5,1,2,0.280833,0.293558,0.54,0.116929,227,3604,3831,Spring,Berkabut,Sabtu,2012,11.514153,54.0
407,2012-02-11,1,1,2,0,6,0,3,0.224167,0.210867,0.73125,0.289796,192,1977,2169,Spring,Hujan Ringan/Salju,Minggu,2012,9.190847,73.125
408,2012-02-12,1,1,2,0,0,0,1,0.1275,0.101658,0.464583,0.409212,73,1456,1529,Spring,Cerah/Berawan,Senin,2012,5.2275,46.4583
409,2012-02-13,1,1,2,0,1,1,1,0.2225,0.227913,0.41125,0.167283,94,3328,3422,Spring,Cerah/Berawan,Selasa,2012,9.1225,41.125
410,2012-02-14,1,1,2,0,2,1,2,0.319167,0.333946,0.50875,0.141179,135,3787,3922,Spring,Berkabut,Rabu,2012,13.085847,50.875
411,2012-02-15,1,1,2,0,3,1,1,0.348333,0.351629,0.53125,0.1816,141,4028,4169,Spring,Cerah/Berawan,Kamis,2012,14.281653,53.125
412,2012-02-16,1,1,2,0,4,1,2,0.316667,0.330162,0.752917,0.091425,74,2931,3005,Spring,Berkabut,Jumat,2012,12.983346999999998,75.29169999999999
413,2012-02-17,1,1,2,0,5,1,1,0.343333,0.351629,0.634583,0.205846,349,3805,4154,Spring,Cerah/Berawan,Sabtu,2012,14.076653,63.4583
414,2012-02-18,1,1,2,0,6,0,1,0.346667,0.355425,0.534583,0.190929,1435,2883,4318,Spring,Cerah/Berawan,Minggu,2012,14.213347,53.4583
415,2012-02-19,1,1,2,0,0,0,2,0.28,0.265788,0.515833,0.253112,618,2071,2689,Spring,Berkabut,Senin,2012,11.48,51.5833
416,2012-02-20,1,1,2,1,1,0,1,0.28,0.273391,0.507826,0.229083,502,2627,3129,Spring,Cerah/Berawan,Selasa,2012,11.48,50.7826
417,2012-02-21,1,1,2,0,2,1,1,0.287826,0.295113,0.594348,0.205717,163,3614,3777,Spring,Cerah/Berawan,Rabu,2012,11.800866000000001,59.434799999999996
418,2012-02-22,1,1,2,0,3,1,1,0.395833,0.392667,0.567917,0.234471,394,4379,4773,Spring,Cerah/Berawan,Kamis,2012,16.229153,56.7917
419,2012-02-23,1,1,2,0,4,1,1,0.454167,0.444446,0.554583,0.190913,516,4546,5062,Spring,Cerah/Berawan,Jumat,2012,18.620846999999998,55.45830000000001
420,2012-02-24,1,1,2,0,5,1,2,0.4075,0.410971,0.7375,0.237567,246,3241,3487,Spring,Berkabut,Sabtu,2012,16.7075,73.75
421,2012-02-25,1,1,2,0,6,0,1,0.290833,0.255675,0.395833,0.421642,317,2415,2732,Spring,Cerah/Berawan,Minggu,2012,11.924153,39.5833
422,2012-02-26,1,1,2,0,0,0,1,0.279167,0.268308,0.41,0.205229,515,2874,3389,Spring,Cerah/Berawan,Senin,2012,11.445847,41.0
423,2012-02-27,1,1,2,0,1,1,1,0.366667,0.357954,0.490833,0.268033,253,4069,4322,Spring,Cerah/Berawan,Selasa,2012,15.033347000000001,49.0833
424,2012-02-28,1,1,2,0,2,1,1,0.359167,0.353525,0.395833,0.193417,229,4134,4363,Spring,Cerah/Berawan,Rabu,2012,14.725847,39.5833
425,2012-02-29,1,1,2,0,3,1,2,0.344348,0.34847,0.804783,0.179117,65,1769,1834,Spring,Berkabut,Kamis,2012,14.118267999999999,80.4783
426,2012-03-01,1,1,3,0,4,1,1,0.485833,0.475371,0.615417,0.226987,325,4665,4990,Spring,Cerah/Berawan,Jumat,2012,19.919153,61.5417
427,2012-03-02,1,1,3,0,5,1,2,0.353333,0.359842,0.657083,0.144904,246,2948,3194,Spring,Berkabut,Sabtu,2012,14.486653,65.7083
428,2012-03-03,1,1,3,0,6,0,2,0.414167,0.413492,0.62125,0.161079,956,3110,4066,Spring,Berkabut,Minggu,2012,16.980847,62.125
429,2012-03-04,1,1,3,0,0,0,1,0.325833,0.303021,0.403333,0.334571,710,2713,3423,Spring,Cerah/Berawan,Senin,2012,13.359153,40.3333
430,2012-03-05,1,1,3,0,1,1,1,0.243333,0.241171,0.50625,0.228858,203,3130,3333,Spring,Cerah/Berawan,Selasa,2012,9.976652999999999,50.625
431,2012-03-06,1,1,3,0,2,1,1,0.258333,0.255042,0.456667,0.200875,221,3735,3956,Spring,Cerah/Berawan,Rabu,2012,10.591652999999999,45.6667
432,2012-03-07,1,1,3,0,3,1,1,0.404167,0.3851,0.513333,0.345779,432,4484,4916,Spring,Cerah/Berawan,Kamis,2012,16.570847,51.3333
433,2012-03-08,1,1,3,0,4,1,1,0.5275,0.524604,0.5675,0.441563,486,4896,5382,Spring,Cerah/Berawan,Jumat,2012,21.627499999999998,56.75
434,2012-03-09,1,1,3,0,5,1,2,0.410833,0.397083,0.407083,0.4148,447,4122,4569,Spring,Berkabut,Sabtu,2012,16.844153,40.708299999999994
435,2012-03-10,1,1,3,0,6,0,1,0.2875,0.277767,0.350417,0.22575,968,3150,4118,Spring,Cerah/Berawan,Minggu,2012,11.7875,35.0417
436,2012-03-11,1,1,3,0,0,0,1,0.361739,0.35967,0.476957,0.222587,1658,3253,4911,Spring,Cerah/Berawan,Senin,2012,14.831299,47.6957
437,2012-03-12,1,1,3,0,1,1,1,0.466667,0.459592,0.489167,0.207713,838,4460,5298,Spring,Cerah/Berawan,Selasa,2012,19.133347,48.9167
438,2012-03-13,1,1,3,0,2,1,1,0.565,0.542929,0.6175,0.23695,762,5085,5847,Spring,Cerah/Berawan,Rabu,2012,23.165,61.75000000000001
439,2012-03-14,1,1,3,0,3,1,1,0.5725,0.548617,0.507083,0.115062,997,5315,6312,Spring,Cerah/Berawan,Kamis,2012,23.4725,50.708299999999994
440,2012-03-15,1,1,3,0,4,1,1,0.5575,0.532825,0.579583,0.149883,1005,5187,6192,Spring,Cerah/Berawan,Jumat,2012,22.857499999999998,57.958299999999994
441,2012-03-16,1,1,3,0,5,1,2,0.435833,0.436229,0.842083,0.113192,548,3830,4378,Spring,Berkabut,Sabtu,2012,17.869153,84.20830000000001
442,2012-03-17,1,1,3,0,6,0,2,0.514167,0.505046,0.755833,0.110704,3155,4681,7836,Spring,Berkabut,Minggu,2012,21.080847000000002,75.5833
443,2012-03-18,1,1,3,0,0,0,2,0.4725,0.464,0.81,0.126883,2207,3685,5892,Spring,Berkabut,Senin,2012,19.3725,81.0
444,2012-03-19,1,1,3,0,1,1,1,0.545,0.532821,0.72875,0.162317,982,5171,6153,Spring,Cerah/Berawan,Selasa,2012,22.345000000000002,72.875
445,2012-03-20,1,1,3,0,2,1,1,0.560833,0.538533,0.807917,0.121271,1051,5042,6093,Spring,Cerah/Berawan,Rabu,2012,22.994153,80.7917
446,2012-03-21,2,1,3,0,3,1,2,0.531667,0.513258,0.82125,0.0895583,1122,5108,6230,Summer,Berkabut,Kamis,2012,21.798347,82.125
447,2012-03-22,2,1,3,0,4,1,1,0.554167,0.531567,0.83125,0.117562,1334,5537,6871,Summer,Cerah/Berawan,Jumat,2012,22.720847,83.125
448,2012-03-23,2,1,3,0,5,1,2,0.601667,0.570067,0.694167,0.1163,2469,5893,8362,Summer,Berkabut,Sabtu,2012,24.668346999999997,69.41669999999999
449,2012-03-24,2,1,3,0,6,0,2,0.5025,0.486733,0.885417,0.192783,1033,2339,3372,Summer,Berkabut,Minggu,2012,20.6025,88.5417
450,2012-03-25,2,1,3,0,0,0,2,0.4375,0.437488,0.880833,0.220775,1532,3464,4996,Summer,Berkabut,Senin,2012,17.9375,88.0833
451,2012-03-26,2,1,3,0,1,1,1,0.445833,0.43875,0.477917,0.386821,795,4763,5558,Summer,Cerah/Berawan,Selasa,2012,18.279153,47.7917
452,2012-03-27,2,1,3,0,2,1,1,0.323333,0.315654,0.29,0.187192,531,4571,5102,Summer,Cerah/Berawan,Rabu,2012,13.256653,28.999999999999996
453,2012-03-28,2,1,3,0,3,1,1,0.484167,0.47095,0.48125,0.291671,674,5024,5698,Summer,Cerah/Berawan,Kamis,2012,19.850847,48.125
454,2012-03-29,2,1,3,0,4,1,1,0.494167,0.482304,0.439167,0.31965,834,5299,6133,Summer,Cerah/Berawan,Jumat,2012,20.260847000000002,43.9167
455,2012-03-30,2,1,3,0,5,1,2,0.37,0.375621,0.580833,0.138067,796,4663,5459,Summer,Berkabut,Sabtu,2012,15.17,58.0833
456,2012-03-31,2,1,3,0,6,0,2,0.424167,0.421708,0.738333,0.250617,2301,3934,6235,Summer,Berkabut,Minggu,2012,17.390847,73.83330000000001
457,2012-04-01,2,1,4,0,0,0,2,0.425833,0.417287,0.67625,0.172267,2347,3694,6041,Summer,Berkabut,Senin,2012,17.459153,67.625
458,2012-04-02,2,1,4,0,1,1,1,0.433913,0.427513,0.504348,0.312139,1208,4728,5936,Summer,Cerah/Berawan,Selasa,2012,17.790433,50.4348
459,2012-04-03,2,1,4,0,2,1,1,0.466667,0.461483,0.396667,0.100133,1348,5424,6772,Summer,Cerah/Berawan,Rabu,2012,19.133347,39.6667
460,2012-04-04,2,1,4,0,3,1,1,0.541667,0.53345,0.469583,0.180975,1058,5378,6436,Summer,Cerah/Berawan,Kamis,2012,22.208347,46.958299999999994
461,2012-04-05,2,1,4,0,4,1,1,0.435,0.431163,0.374167,0.219529,1192,5265,6457,Summer,Cerah/Berawan,Jumat,2012,17.835,37.416700000000006
462,2012-04-06,2,1,4,0,5,1,1,0.403333,0.390767,0.377083,0.300388,1807,4653,6460,Summer,Cerah/Berawan,Sabtu,2012,16.536653,37.7083
463,2012-04-07,2,1,4,0,6,0,1,0.4375,0.426129,0.254167,0.274871,3252,3605,6857,Summer,Cerah/Berawan,Minggu,2012,17.9375,25.4167
464,2012-04-08,2,1,4,0,0,0,1,0.5,0.492425,0.275833,0.232596,2230,2939,5169,Summer,Cerah/Berawan,Senin,2012,20.5,27.5833
465,2012-04-09,2,1,4,0,1,1,1,0.489167,0.476638,0.3175,0.358196,905,4680,5585,Summer,Cerah/Berawan,Selasa,2012,20.055847,31.75
466,2012-04-10,2,1,4,0,2,1,1,0.446667,0.436233,0.435,0.249375,819,5099,5918,Summer,Cerah/Berawan,Rabu,2012,18.313347,43.5
467,2012-04-11,2,1,4,0,3,1,1,0.348696,0.337274,0.469565,0.295274,482,4380,4862,Summer,Cerah/Berawan,Kamis,2012,14.296536,46.9565
468,2012-04-12,2,1,4,0,4,1,1,0.3975,0.387604,0.46625,0.290429,663,4746,5409,Summer,Cerah/Berawan,Jumat,2012,16.2975,46.625
469,2012-04-13,2,1,4,0,5,1,1,0.4425,0.431808,0.408333,0.155471,1252,5146,6398,Summer,Cerah/Berawan,Sabtu,2012,18.142500000000002,40.8333
470,2012-04-14,2,1,4,0,6,0,1,0.495,0.487996,0.502917,0.190917,2795,4665,7460,Summer,Cerah/Berawan,Minggu,2012,20.294999999999998,50.29169999999999
471,2012-04-15,2,1,4,0,0,0,1,0.606667,0.573875,0.507917,0.225129,2846,4286,7132,Summer,Cerah/Berawan,Senin,2012,24.873347,50.79169999999999
472,2012-04-16,2,1,4,1,1,0,1,0.664167,0.614925,0.561667,0.284829,1198,5172,6370,Summer,Cerah/Berawan,Selasa,2012,27.230846999999997,56.166700000000006
473,2012-04-17,2,1,4,0,2,1,1,0.608333,0.598487,0.390417,0.273629,989,5702,6691,Summer,Cerah/Berawan,Rabu,2012,24.941653000000002,39.0417
474,2012-04-18,2,1,4,0,3,1,2,0.463333,0.457038,0.569167,0.167912,347,4020,4367,Summer,Berkabut,Kamis,2012,18.996653,56.9167
475,2012-04-19,2,1,4,0,4,1,1,0.498333,0.493046,0.6125,0.0659292,846,5719,6565,Summer,Cerah/Berawan,Jumat,2012,20.431653,61.25000000000001
476,2012-04-20,2,1,4,0,5,1,1,0.526667,0.515775,0.694583,0.149871,1340,5950,7290,Summer,Cerah/Berawan,Sabtu,2012,21.593347,69.4583
477,2012-04-21,2,1,4,0,6,0,1,0.57,0.542921,0.682917,0.283587,2541,4083,6624,Summer,Cerah/Berawan,Minggu,2012,23.369999999999997,68.2917
478,2012-04-22,2,1,4,0,0,0,3,0.396667,0.389504,0.835417,0.344546,120,907,1027,Summer,Hujan Ringan/Salju,Senin,2012,16.263347,83.54169999999999
479,2012-04-23,2,1,4,0,1,1,2,0.321667,0.301125,0.766667,0.303496,195,3019,3214,Summer,Berkabut,Selasa,2012,13.188346999999998,76.66669999999999
480,2012-04-24,2,1,4,0,2,1,1,0.413333,0.405283,0.454167,0.249383,518,5115,5633,Summer,Cerah/Berawan,Rabu,2012,16.946653,45.4167
481,2012-04-25,2,1,4,0,3,1,1,0.476667,0.470317,0.427917,0.118792,655,5541,6196,Summer,Cerah/Berawan,Kamis,2012,19.543347,42.7917
482,2012-04-26,2,1,4,0,4,1,2,0.498333,0.483583,0.756667,0.176625,475,4551,5026,Summer,Berkabut,Jumat,2012,20.431653,75.66669999999999
483,2012-04-27,2,1,4,0,5,1,1,0.4575,0.452637,0.400833,0.347633,1014,5219,6233,Summer,Cerah/Berawan,Sabtu,2012,18.7575,40.0833
484,2012-04-28,2,1,4,0,6,0,2,0.376667,0.377504,0.489583,0.129975,1120,3100,4220,Summer,Berkabut,Minggu,2012,15.443347,48.9583
485,2012-04-29,2,1,4,0,0,0,1,0.458333,0.450121,0.587083,0.116908,2229,4075,6304,Summer,Cerah/Berawan,Senin,2012,18.791653,58.7083
486,2012-04-30,2,1,4,0,1,1,2,0.464167,0.457696,0.57,0.171638,665,4907,5572,Summer,Berkabut,Selasa,2012,19.030847,56.99999999999999
487,2012-05-01,2,1,5,0,2,1,2,0.613333,0.577021,0.659583,0.156096,653,5087,5740,Summer,Berkabut,Rabu,2012,25.146653,65.95830000000001
488,2012-05-02,2,1,5,0,3,1,1,0.564167,0.537896,0.797083,0.138058,667,5502,6169,Summer,Cerah/Berawan,Kamis,2012,23.130847,79.7083
489,2012-05-03,2,1,5,0,4,1,2,0.56,0.537242,0.768333,0.133696,764,5657,6421,Summer,Berkabut,Jumat,2012,22.96,76.83330000000001
490,2012-05-04,2,1,5,0,5,1,1,0.6275,0.590917,0.735417,0.162938,1069,5227,6296,Summer,Cerah/Berawan,Sabtu,2012,25.7275,73.54169999999999
491,2012-05-05,2,1,5,0,6,0,2,0.621667,0.584608,0.756667,0.152992,2496,4387,6883,Summer,Berkabut,Minggu,2012,25.488346999999997,75.66669999999999
492,2012-05-06,2,1,5,0,0,0,2,0.5625,0.546737,0.74,0.149879,2135,4224,6359,Summer,Berkabut,Senin,2012,23.0625,74.0
493,2012-05-07,2,1,5,0,1,1,2,0.5375,0.527142,0.664167,0.230721,1008,5265,6273,Summer,Berkabut,Selasa,2012,22.037499999999998,66.41669999999999
494,2012-05-08,2,1,5,0,2,1,2,0.581667,0.557471,0.685833,0.296029,738,4990,5728,Summer,Berkabut,Rabu,2012,23.848347,68.58330000000001
495,2012-05-09,2,1,5,0,3,1,2,0.575,0.553025,0.744167,0.216412,620,4097,4717,Summer,Berkabut,Kamis,2012,23.575,74.4167
496,2012-05-10,2,1,5,0,4,1,1,0.505833,0.491783,0.552083,0.314063,1026,5546,6572,Summer,Cerah/Berawan,Jumat,2012,20.739152999999998,55.2083
497,2012-05-11,2,1,5,0,5,1,1,0.533333,0.520833,0.360417,0.236937,1319,5711,7030,Summer,Cerah/Berawan,Sabtu,2012,21.866653,36.0417
498,2012-05-12,2,1,5,0,6,0,1,0.564167,0.544817,0.480417,0.123133,2622,4807,7429,Summer,Cerah/Berawan,Minggu,2012,23.130847,48.0417
499,2012-05-13,2,1,5,0,0,0,1,0.6125,0.585238,0.57625,0.225117,2172,3946,6118,Summer,Cerah/Berawan,Senin,2012,25.1125,57.62500000000001
500,2012-05-14,2,1,5,0,1,1,2,0.573333,0.5499,0.789583,0.212692,342,2501,2843,Summer,Berkabut,Selasa,2012,23.506653,78.95830000000001
501,2012-05-15,2,1,5,0,2,1,2,0.611667,0.576404,0.794583,0.147392,625,4490,5115,Summer,Berkabut,Rabu,2012,25.078346999999997,79.45830000000001
502,2012-05-16,2,1,5,0,3,1,1,0.636667,0.595975,0.697917,0.122512,991,6433,7424,Summer,Cerah/Berawan,Kamis,2012,26.103347,69.7917
503,2012-05-17,2,1,5,0,4,1,1,0.593333,0.572613,0.52,0.229475,1242,6142,7384,Summer,Cerah/Berawan,Jumat,2012,24.326653,52.0
504,2012-05-18,2,1,5,0,5,1,1,0.564167,0.551121,0.523333,0.136817,1521,6118,7639,Summer,Cerah/Berawan,Sabtu,2012,23.130847,52.33330000000001
505,2012-05-19,2,1,5,0,6,0,1,0.6,0.566908,0.45625,0.083975,3410,4884,8294,Summer,Cerah/Berawan,Minggu,2012,24.599999999999998,45.625
506,2012-05-20,2,1,5,0,0,0,1,0.620833,0.583967,0.530417,0.254367,2704,4425,7129,Summer,Cerah/Berawan,Senin,2012,25.454152999999998,53.041700000000006
507,2012-05-21,2,1,5,0,1,1,2,0.598333,0.565667,0.81125,0.233204,630,3729,4359,Summer,Berkabut,Selasa,2012,24.531653,81.125
508,2012-05-22,2,1,5,0,2,1,2,0.615,0.580825,0.765833,0.118167,819,5254,6073,Summer,Berkabut,Rabu,2012,25.215,76.5833
509,2012-05-23,2,1,5,0,3,1,2,0.621667,0.584612,0.774583,0.102,766,4494,5260,Summer,Berkabut,Kamis,2012,25.488346999999997,77.45830000000001
510,2012-05-24,2,1,5,0,4,1,1,0.655,0.6067,0.716667,0.172896,1059,5711,6770,Summer,Cerah/Berawan,Jumat,2012,26.855,71.6667
511,2012-05-25,2,1,5,0,5,1,1,0.68,0.627529,0.747083,0.14055,1417,5317,6734,Summer,Cerah/Berawan,Sabtu,2012,27.880000000000003,74.70830000000001
512,2012-05-26,2,1,5,0,6,0,1,0.6925,0.642696,0.7325,0.198992,2855,3681,6536,Summer,Cerah/Berawan,Minggu,2012,28.392500000000002,73.25
513,2012-05-27,2,1,5,0,0,0,1,0.69,0.641425,0.697083,0.215171,3283,3308,6591,Summer,Cerah/Berawan,Senin,2012,28.29,69.7083
514,2012-05-28,2,1,5,1,1,0,1,0.7125,0.6793,0.67625,0.196521,2557,3486,6043,Summer,Cerah/Berawan,Selasa,2012,29.212500000000002,67.625
515,2012-05-29,2,1,5,0,2,1,1,0.7225,0.672992,0.684583,0.2954,880,4863,5743,Summer,Cerah/Berawan,Rabu,2012,29.622500000000002,68.45830000000001
516,2012-05-30,2,1,5,0,3,1,2,0.656667,0.611129,0.67,0.134329,745,6110,6855,Summer,Berkabut,Kamis,2012,26.923347,67.0
517,2012-05-31,2,1,5,0,4,1,1,0.68,0.631329,0.492917,0.195279,1100,6238,7338,Summer,Cerah/Berawan,Jumat,2012,27.880000000000003,49.2917
518,2012-06-01,2,1,6,0,5,1,2,0.654167,0.607962,0.755417,0.237563,533,3594,4127,Summer,Berkabut,Sabtu,2012,26.820847,75.5417
519,2012-06-02,2,1,6,0,6,0,1,0.583333,0.566288,0.549167,0.186562,2795,5325,8120,Summer,Cerah/Berawan,Minggu,2012,23.916653,54.9167
520,2012-06-03,2,1,6,0,0,0,1,0.6025,0.575133,0.493333,0.184087,2494,5147,7641,Summer,Cerah/Berawan,Senin,2012,24.7025,49.3333
521,2012-06-04,2,1,6,0,1,1,1,0.5975,0.578283,0.487083,0.284833,1071,5927,6998,Summer,Cerah/Berawan,Selasa,2012,24.497500000000002,48.7083
522,2012-06-05,2,1,6,0,2,1,2,0.540833,0.525892,0.613333,0.209575,968,6033,7001,Summer,Berkabut,Rabu,2012,22.174153,61.3333
523,2012-06-06,2,1,6,0,3,1,1,0.554167,0.542292,0.61125,0.077125,1027,6028,7055,Summer,Cerah/Berawan,Kamis,2012,22.720847,61.12499999999999
524,2012-06-07,2,1,6,0,4,1,1,0.6025,0.569442,0.567083,0.15735,1038,6456,7494,Summer,Cerah/Berawan,Jumat,2012,24.7025,56.7083
525,2012-06-08,2,1,6,0,5,1,1,0.649167,0.597862,0.467917,0.175383,1488,6248,7736,Summer,Cerah/Berawan,Sabtu,2012,26.615847000000002,46.791700000000006
526,2012-06-09,2,1,6,0,6,0,1,0.710833,0.648367,0.437083,0.144287,2708,4790,7498,Summer,Cerah/Berawan,Minggu,2012,29.144153000000003,43.7083
527,2012-06-10,2,1,6,0,0,0,1,0.726667,0.663517,0.538333,0.133721,2224,4374,6598,Summer,Cerah/Berawan,Senin,2012,29.793346999999997,53.833299999999994
528,2012-06-11,2,1,6,0,1,1,2,0.720833,0.659721,0.587917,0.207713,1017,5647,6664,Summer,Berkabut,Selasa,2012,29.554153,58.791700000000006
529,2012-06-12,2,1,6,0,2,1,2,0.653333,0.597875,0.833333,0.214546,477,4495,4972,Summer,Berkabut,Rabu,2012,26.786653,83.3333
530,2012-06-13,2,1,6,0,3,1,1,0.655833,0.611117,0.582083,0.343279,1173,6248,7421,Summer,Cerah/Berawan,Kamis,2012,26.889153,58.2083
531,2012-06-14,2,1,6,0,4,1,1,0.648333,0.624383,0.569583,0.253733,1180,6183,7363,Summer,Cerah/Berawan,Jumat,2012,26.581653000000003,56.958299999999994
532,2012-06-15,2,1,6,0,5,1,1,0.639167,0.599754,0.589583,0.176617,1563,6102,7665,Summer,Cerah/Berawan,Sabtu,2012,26.205847000000002,58.958299999999994
533,2012-06-16,2,1,6,0,6,0,1,0.631667,0.594708,0.504167,0.166667,2963,4739,7702,Summer,Cerah/Berawan,Minggu,2012,25.898346999999998,50.416700000000006
534,2012-06-17,2,1,6,0,0,0,1,0.5925,0.571975,0.59875,0.144904,2634,4344,6978,Summer,Cerah/Berawan,Senin,2012,24.2925,59.875
535,2012-06-18,2,1,6,0,1,1,2,0.568333,0.544842,0.777917,0.174746,653,4446,5099,Summer,Berkabut,Selasa,2012,23.301652999999998,77.79169999999999
536,2012-06-19,2,1,6,0,2,1,1,0.688333,0.654692,0.69,0.148017,968,5857,6825,Summer,Cerah/Berawan,Rabu,2012,28.221653,69.0
537,2012-06-20,2,1,6,0,3,1,1,0.7825,0.720975,0.592083,0.113812,872,5339,6211,Summer,Cerah/Berawan,Kamis,2012,32.082499999999996,59.2083
538,2012-06-21,3,1,6,0,4,1,1,0.805833,0.752542,0.567917,0.118787,778,5127,5905,Fall,Cerah/Berawan,Jumat,2012,33.039153,56.7917
539,2012-06-22,3,1,6,0,5,1,1,0.7775,0.724121,0.57375,0.182842,964,4859,5823,Fall,Cerah/Berawan,Sabtu,2012,31.877499999999998,57.375
540,2012-06-23,3,1,6,0,6,0,1,0.731667,0.652792,0.534583,0.179721,2657,4801,7458,Fall,Cerah/Berawan,Minggu,2012,29.998347,53.4583
541,2012-06-24,3,1,6,0,0,0,1,0.743333,0.674254,0.479167,0.145525,2551,4340,6891,Fall,Cerah/Berawan,Senin,2012,30.476653000000002,47.9167
542,2012-06-25,3,1,6,0,1,1,1,0.715833,0.654042,0.504167,0.300383,1139,5640,6779,Fall,Cerah/Berawan,Selasa,2012,29.349153,50.416700000000006
543,2012-06-26,3,1,6,0,2,1,1,0.630833,0.594704,0.373333,0.347642,1077,6365,7442,Fall,Cerah/Berawan,Rabu,2012,25.864152999999998,37.3333
544,2012-06-27,3,1,6,0,3,1,1,0.6975,0.640792,0.36,0.271775,1077,6258,7335,Fall,Cerah/Berawan,Kamis,2012,28.5975,36.0
545,2012-06-28,3,1,6,0,4,1,1,0.749167,0.675512,0.4225,0.17165,921,5958,6879,Fall,Cerah/Berawan,Jumat,2012,30.715847,42.25
546,2012-06-29,3,1,6,0,5,1,1,0.834167,0.786613,0.48875,0.165417,829,4634,5463,Fall,Cerah/Berawan,Sabtu,2012,34.200847,48.875
547,2012-06-30,3,1,6,0,6,0,1,0.765,0.687508,0.60125,0.161071,1455,4232,5687,Fall,Cerah/Berawan,Minggu,2012,31.365000000000002,60.12499999999999
548,2012-07-01,3,1,7,0,0,0,1,0.815833,0.750629,0.51875,0.168529,1421,4110,5531,Fall,Cerah/Berawan,Senin,2012,33.449153,51.87500000000001
549,2012-07-02,3,1,7,0,1,1,1,0.781667,0.702038,0.447083,0.195267,904,5323,6227,Fall,Cerah/Berawan,Selasa,2012,32.048347,44.7083
550,2012-07-03,3,1,7,0,2,1,1,0.780833,0.70265,0.492083,0.126237,1052,5608,6660,Fall,Cerah/Berawan,Rabu,2012,32.014153,49.2083
551,2012-07-04,3,1,7,1,3,0,1,0.789167,0.732337,0.53875,0.13495,2562,4841,7403,Fall,Cerah/Berawan,Kamis,2012,32.355847,53.87499999999999
552,2012-07-05,3,1,7,0,4,1,1,0.8275,0.761367,0.457917,0.194029,1405,4836,6241,Fall,Cerah/Berawan,Jumat,2012,33.9275,45.7917
553,2012-07-06,3,1,7,0,5,1,1,0.828333,0.752533,0.450833,0.146142,1366,4841,6207,Fall,Cerah/Berawan,Sabtu,2012,33.961653,45.0833
554,2012-07-07,3,1,7,0,6,0,1,0.861667,0.804913,0.492083,0.163554,1448,3392,4840,Fall,Cerah/Berawan,Minggu,2012,35.328347,49.2083
555,2012-07-08,3,1,7,0,0,0,1,0.8225,0.790396,0.57375,0.125629,1203,3469,4672,Fall,Cerah/Berawan,Senin,2012,33.722500000000004,57.375
556,2012-07-09,3,1,7,0,1,1,2,0.710833,0.654054,0.683333,0.180975,998,5571,6569,Fall,Berkabut,Selasa,2012,29.144153000000003,68.3333
557,2012-07-10,3,1,7,0,2,1,2,0.720833,0.664796,0.6675,0.151737,954,5336,6290,Fall,Berkabut,Rabu,2012,29.554153,66.75
558,2012-07-11,3,1,7,0,3,1,1,0.716667,0.650271,0.633333,0.151733,975,6289,7264,Fall,Cerah/Berawan,Kamis,2012,29.383347,63.3333
559,2012-07-12,3,1,7,0,4,1,1,0.715833,0.654683,0.529583,0.146775,1032,6414,7446,Fall,Cerah/Berawan,Jumat,2012,29.349153,52.9583
560,2012-07-13,3,1,7,0,5,1,2,0.731667,0.667933,0.485833,0.08085,1511,5988,7499,Fall,Berkabut,Sabtu,2012,29.998347,48.5833
561,2012-07-14,3,1,7,0,6,0,2,0.703333,0.666042,0.699167,0.143679,2355,4614,6969,Fall,Berkabut,Minggu,2012,28.836653,69.91669999999999
562,2012-07-15,3,1,7,0,0,0,1,0.745833,0.705196,0.717917,0.166667,1920,4111,6031,Fall,Cerah/Berawan,Senin,2012,30.579152999999998,71.7917
563,2012-07-16,3,1,7,0,1,1,1,0.763333,0.724125,0.645,0.164187,1088,5742,6830,Fall,Cerah/Berawan,Selasa,2012,31.296653000000003,64.5
564,2012-07-17,3,1,7,0,2,1,1,0.818333,0.755683,0.505833,0.114429,921,5865,6786,Fall,Cerah/Berawan,Rabu,2012,33.551653,50.583299999999994
565,2012-07-18,3,1,7,0,3,1,1,0.793333,0.745583,0.577083,0.137442,799,4914,5713,Fall,Cerah/Berawan,Kamis,2012,32.526652999999996,57.7083
566,2012-07-19,3,1,7,0,4,1,1,0.77,0.714642,0.600417,0.165429,888,5703,6591,Fall,Cerah/Berawan,Jumat,2012,31.57,60.0417
567,2012-07-20,3,1,7,0,5,1,2,0.665833,0.613025,0.844167,0.208967,747,5123,5870,Fall,Berkabut,Sabtu,2012,27.299153,84.4167
568,2012-07-21,3,1,7,0,6,0,3,0.595833,0.549912,0.865417,0.2133,1264,3195,4459,Fall,Hujan Ringan/Salju,Minggu,2012,24.429153,86.5417
569,2012-07-22,3,1,7,0,0,0,2,0.6675,0.623125,0.7625,0.0939208,2544,4866,7410,Fall,Berkabut,Senin,2012,27.3675,76.25
570,2012-07-23,3,1,7,0,1,1,1,0.741667,0.690017,0.694167,0.138683,1135,5831,6966,Fall,Cerah/Berawan,Selasa,2012,30.408347,69.41669999999999
571,2012-07-24,3,1,7,0,2,1,1,0.750833,0.70645,0.655,0.211454,1140,6452,7592,Fall,Cerah/Berawan,Rabu,2012,30.784153,65.5
572,2012-07-25,3,1,7,0,3,1,1,0.724167,0.654054,0.45,0.1648,1383,6790,8173,Fall,Cerah/Berawan,Kamis,2012,29.690847,45.0
573,2012-07-26,3,1,7,0,4,1,1,0.776667,0.739263,0.596667,0.284813,1036,5825,6861,Fall,Cerah/Berawan,Jumat,2012,31.843347,59.66669999999999
574,2012-07-27,3,1,7,0,5,1,1,0.781667,0.734217,0.594583,0.152992,1259,5645,6904,Fall,Cerah/Berawan,Sabtu,2012,32.048347,59.458299999999994
575,2012-07-28,3,1,7,0,6,0,1,0.755833,0.697604,0.613333,0.15735,2234,4451,6685,Fall,Cerah/Berawan,Minggu,2012,30.989152999999998,61.3333
576,2012-07-29,3,1,7,0,0,0,1,0.721667,0.667933,0.62375,0.170396,2153,4444,6597,Fall,Cerah/Berawan,Senin,2012,29.588347,62.375
577,2012-07-30,3,1,7,0,1,1,1,0.730833,0.684987,0.66875,0.153617,1040,6065,7105,Fall,Cerah/Berawan,Selasa,2012,29.964153,66.875
578,2012-07-31,3,1,7,0,2,1,1,0.713333,0.662896,0.704167,0.165425,968,6248,7216,Fall,Cerah/Berawan,Rabu,2012,29.246653,70.41669999999999
579,2012-08-01,3,1,8,0,3,1,1,0.7175,0.667308,0.6775,0.141179,1074,6506,7580,Fall,Cerah/Berawan,Kamis,2012,29.4175,67.75
580,2012-08-02,3,1,8,0,4,1,1,0.7525,0.707088,0.659583,0.129354,983,6278,7261,Fall,Cerah/Berawan,Jumat,2012,30.8525,65.95830000000001
581,2012-08-03,3,1,8,0,5,1,2,0.765833,0.722867,0.6425,0.215792,1328,5847,7175,Fall,Berkabut,Sabtu,2012,31.399153,64.25
582,2012-08-04,3,1,8,0,6,0,1,0.793333,0.751267,0.613333,0.257458,2345,4479,6824,Fall,Cerah/Berawan,Minggu,2012,32.526652999999996,61.3333
583,2012-08-05,3,1,8,0,0,0,1,0.769167,0.731079,0.6525,0.290421,1707,3757,5464,Fall,Cerah/Berawan,Senin,2012,31.535847,65.25
584,2012-08-06,3,1,8,0,1,1,2,0.7525,0.710246,0.654167,0.129354,1233,5780,7013,Fall,Berkabut,Selasa,2012,30.8525,65.4167
585,2012-08-07,3,1,8,0,2,1,2,0.735833,0.697621,0.70375,0.116908,1278,5995,7273,Fall,Berkabut,Rabu,2012,30.169152999999998,70.375
586,2012-08-08,3,1,8,0,3,1,2,0.75,0.707717,0.672917,0.1107,1263,6271,7534,Fall,Berkabut,Kamis,2012,30.75,67.29169999999999
587,2012-08-09,3,1,8,0,4,1,1,0.755833,0.699508,0.620417,0.1561,1196,6090,7286,Fall,Cerah/Berawan,Jumat,2012,30.989152999999998,62.0417
588,2012-08-10,3,1,8,0,5,1,2,0.715833,0.667942,0.715833,0.238813,1065,4721,5786,Fall,Berkabut,Sabtu,2012,29.349153,71.58330000000001
589,2012-08-11,3,1,8,0,6,0,2,0.6925,0.638267,0.732917,0.206479,2247,4052,6299,Fall,Berkabut,Minggu,2012,28.392500000000002,73.2917
590,2012-08-12,3,1,8,0,0,0,1,0.700833,0.644579,0.530417,0.122512,2182,4362,6544,Fall,Cerah/Berawan,Senin,2012,28.734153000000003,53.041700000000006
591,2012-08-13,3,1,8,0,1,1,1,0.720833,0.662254,0.545417,0.136212,1207,5676,6883,Fall,Cerah/Berawan,Selasa,2012,29.554153,54.541700000000006
592,2012-08-14,3,1,8,0,2,1,1,0.726667,0.676779,0.686667,0.169158,1128,5656,6784,Fall,Cerah/Berawan,Rabu,2012,29.793346999999997,68.6667
593,2012-08-15,3,1,8,0,3,1,1,0.706667,0.654037,0.619583,0.169771,1198,6149,7347,Fall,Cerah/Berawan,Kamis,2012,28.973347,61.9583
594,2012-08-16,3,1,8,0,4,1,1,0.719167,0.654688,0.519167,0.141796,1338,6267,7605,Fall,Cerah/Berawan,Jumat,2012,29.485847,51.916700000000006
595,2012-08-17,3,1,8,0,5,1,1,0.723333,0.2424,0.570833,0.231354,1483,5665,7148,Fall,Cerah/Berawan,Sabtu,2012,29.656653,57.0833
596,2012-08-18,3,1,8,0,6,0,1,0.678333,0.618071,0.603333,0.177867,2827,5038,7865,Fall,Cerah/Berawan,Minggu,2012,27.811653,60.3333
597,2012-08-19,3,1,8,0,0,0,2,0.635833,0.603554,0.711667,0.08645,1208,3341,4549,Fall,Berkabut,Senin,2012,26.069153,71.1667
598,2012-08-20,3,1,8,0,1,1,2,0.635833,0.595967,0.734167,0.129979,1026,5504,6530,Fall,Berkabut,Selasa,2012,26.069153,73.4167
599,2012-08-21,3,1,8,0,2,1,1,0.649167,0.601025,0.67375,0.0727708,1081,5925,7006,Fall,Cerah/Berawan,Rabu,2012,26.615847000000002,67.375
600,2012-08-22,3,1,8,0,3,1,1,0.6675,0.621854,0.677083,0.0702833,1094,6281,7375,Fall,Cerah/Berawan,Kamis,2012,27.3675,67.7083
601,2012-08-23,3,1,8,0,4,1,1,0.695833,0.637008,0.635833,0.0845958,1363,6402,7765,Fall,Cerah/Berawan,Jumat,2012,28.529153,63.5833
602,2012-08-24,3,1,8,0,5,1,2,0.7025,0.6471,0.615,0.0721458,1325,6257,7582,Fall,Berkabut,Sabtu,2012,28.802500000000002,61.5
603,2012-08-25,3,1,8,0,6,0,2,0.661667,0.618696,0.712917,0.244408,1829,4224,6053,Fall,Berkabut,Minggu,2012,27.128347,71.2917
604,2012-08-26,3,1,8,0,0,0,2,0.653333,0.595996,0.845833,0.228858,1483,3772,5255,Fall,Berkabut,Senin,2012,26.786653,84.5833
605,2012-08-27,3,1,8,0,1,1,1,0.703333,0.654688,0.730417,0.128733,989,5928,6917,Fall,Cerah/Berawan,Selasa,2012,28.836653,73.04169999999999
606,2012-08-28,3,1,8,0,2,1,1,0.728333,0.66605,0.62,0.190925,935,6105,7040,Fall,Cerah/Berawan,Rabu,2012,29.861653,62.0
607,2012-08-29,3,1,8,0,3,1,1,0.685,0.635733,0.552083,0.112562,1177,6520,7697,Fall,Cerah/Berawan,Kamis,2012,28.085,55.2083
608,2012-08-30,3,1,8,0,4,1,1,0.706667,0.652779,0.590417,0.0771167,1172,6541,7713,Fall,Cerah/Berawan,Jumat,2012,28.973347,59.0417
609,2012-08-31,3,1,8,0,5,1,1,0.764167,0.6894,0.5875,0.168533,1433,5917,7350,Fall,Cerah/Berawan,Sabtu,2012,31.330847000000002,58.75
610,2012-09-01,3,1,9,0,6,0,2,0.753333,0.702654,0.638333,0.113187,2352,3788,6140,Fall,Berkabut,Minggu,2012,30.886653000000003,63.8333
611,2012-09-02,3,1,9,0,0,0,2,0.696667,0.649,0.815,0.0640708,2613,3197,5810,Fall,Berkabut,Senin,2012,28.563347,81.5
612,2012-09-03,3,1,9,1,1,0,1,0.7075,0.661629,0.790833,0.151121,1965,4069,6034,Fall,Cerah/Berawan,Selasa,2012,29.0075,79.0833
613,2012-09-04,3,1,9,0,2,1,1,0.725833,0.686888,0.755,0.236321,867,5997,6864,Fall,Cerah/Berawan,Rabu,2012,29.759152999999998,75.5
614,2012-09-05,3,1,9,0,3,1,1,0.736667,0.708983,0.74125,0.187808,832,6280,7112,Fall,Cerah/Berawan,Kamis,2012,30.203346999999997,74.125
615,2012-09-06,3,1,9,0,4,1,2,0.696667,0.655329,0.810417,0.142421,611,5592,6203,Fall,Berkabut,Jumat,2012,28.563347,81.0417
616,2012-09-07,3,1,9,0,5,1,1,0.703333,0.657204,0.73625,0.171646,1045,6459,7504,Fall,Cerah/Berawan,Sabtu,2012,28.836653,73.625
617,2012-09-08,3,1,9,0,6,0,2,0.659167,0.611121,0.799167,0.281104,1557,4419,5976,Fall,Berkabut,Minggu,2012,27.025847,79.91669999999999
618,2012-09-09,3,1,9,0,0,0,1,0.61,0.578925,0.5475,0.224496,2570,5657,8227,Fall,Cerah/Berawan,Senin,2012,25.009999999999998,54.75
619,2012-09-10,3,1,9,0,1,1,1,0.583333,0.565654,0.50375,0.258713,1118,6407,7525,Fall,Cerah/Berawan,Selasa,2012,23.916653,50.375
620,2012-09-11,3,1,9,0,2,1,1,0.5775,0.554292,0.52,0.0920542,1070,6697,7767,Fall,Cerah/Berawan,Rabu,2012,23.677500000000002,52.0
621,2012-09-12,3,1,9,0,3,1,1,0.599167,0.570075,0.577083,0.131846,1050,6820,7870,Fall,Cerah/Berawan,Kamis,2012,24.565847,57.7083
622,2012-09-13,3,1,9,0,4,1,1,0.6125,0.579558,0.637083,0.0827208,1054,6750,7804,Fall,Cerah/Berawan,Jumat,2012,25.1125,63.708299999999994
623,2012-09-14,3,1,9,0,5,1,1,0.633333,0.594083,0.6725,0.103863,1379,6630,8009,Fall,Cerah/Berawan,Sabtu,2012,25.966653,67.25
624,2012-09-15,3,1,9,0,6,0,1,0.608333,0.585867,0.501667,0.247521,3160,5554,8714,Fall,Cerah/Berawan,Minggu,2012,24.941653000000002,50.1667
625,2012-09-16,3,1,9,0,0,0,1,0.58,0.563125,0.57,0.0901833,2166,5167,7333,Fall,Cerah/Berawan,Senin,2012,23.779999999999998,56.99999999999999
626,2012-09-17,3,1,9,0,1,1,2,0.580833,0.55305,0.734583,0.151742,1022,5847,6869,Fall,Berkabut,Selasa,2012,23.814153,73.4583
627,2012-09-18,3,1,9,0,2,1,2,0.623333,0.565067,0.8725,0.357587,371,3702,4073,Fall,Berkabut,Rabu,2012,25.556653,87.25
628,2012-09-19,3,1,9,0,3,1,1,0.5525,0.540404,0.536667,0.215175,788,6803,7591,Fall,Cerah/Berawan,Kamis,2012,22.6525,53.6667
629,2012-09-20,3,1,9,0,4,1,1,0.546667,0.532192,0.618333,0.118167,939,6781,7720,Fall,Cerah/Berawan,Jumat,2012,22.413347,61.8333
630,2012-09-21,3,1,9,0,5,1,1,0.599167,0.571971,0.66875,0.154229,1250,6917,8167,Fall,Cerah/Berawan,Sabtu,2012,24.565847,66.875
631,2012-09-22,3,1,9,0,6,0,1,0.65,0.610488,0.646667,0.283583,2512,5883,8395,Fall,Cerah/Berawan,Minggu,2012,26.650000000000002,64.6667
632,2012-09-23,4,1,9,0,0,0,1,0.529167,0.518933,0.467083,0.223258,2454,5453,7907,Winter,Cerah/Berawan,Senin,2012,21.695847,46.7083
633,2012-09-24,4,1,9,0,1,1,1,0.514167,0.502513,0.492917,0.142404,1001,6435,7436,Winter,Cerah/Berawan,Selasa,2012,21.080847000000002,49.2917
634,2012-09-25,4,1,9,0,2,1,1,0.55,0.544179,0.57,0.236321,845,6693,7538,Winter,Cerah/Berawan,Rabu,2012,22.55,56.99999999999999
635,2012-09-26,4,1,9,0,3,1,1,0.635,0.596613,0.630833,0.2444,787,6946,7733,Winter,Cerah/Berawan,Kamis,2012,26.035,63.083299999999994
636,2012-09-27,4,1,9,0,4,1,2,0.65,0.607975,0.690833,0.134342,751,6642,7393,Winter,Berkabut,Jumat,2012,26.650000000000002,69.08330000000001
637,2012-09-28,4,1,9,0,5,1,2,0.619167,0.585863,0.69,0.164179,1045,6370,7415,Winter,Berkabut,Sabtu,2012,25.385847000000002,69.0
638,2012-09-29,4,1,9,0,6,0,1,0.5425,0.530296,0.542917,0.227604,2589,5966,8555,Winter,Cerah/Berawan,Minggu,2012,22.2425,54.2917
639,2012-09-30,4,1,9,0,0,0,1,0.526667,0.517663,0.583333,0.134958,2015,4874,6889,Winter,Cerah/Berawan,Senin,2012,21.593347,58.3333
640,2012-10-01,4,1,10,0,1,1,2,0.520833,0.512,0.649167,0.0908042,763,6015,6778,Winter,Berkabut,Selasa,2012,21.354153,64.9167
641,2012-10-02,4,1,10,0,2,1,3,0.590833,0.542333,0.871667,0.104475,315,4324,4639,Winter,Hujan Ringan/Salju,Rabu,2012,24.224153,87.16669999999999
642,2012-10-03,4,1,10,0,3,1,2,0.6575,0.599133,0.79375,0.0665458,728,6844,7572,Winter,Berkabut,Kamis,2012,26.9575,79.375
643,2012-10-04,4,1,10,0,4,1,2,0.6575,0.607975,0.722917,0.117546,891,6437,7328,Winter,Berkabut,Jumat,2012,26.9575,72.2917
644,2012-10-05,4,1,10,0,5,1,1,0.615,0.580187,0.6275,0.10635,1516,6640,8156,Winter,Cerah/Berawan,Sabtu,2012,25.215,62.74999999999999
645,2012-10-06,4,1,10,0,6,0,1,0.554167,0.538521,0.664167,0.268025,3031,4934,7965,Winter,Cerah/Berawan,Minggu,2012,22.720847,66.41669999999999
646,2012-10-07,4,1,10,0,0,0,2,0.415833,0.419813,0.708333,0.141162,781,2729,3510,Winter,Berkabut,Senin,2012,17.049153,70.8333
647,2012-10-08,4,1,10,1,1,0,2,0.383333,0.387608,0.709583,0.189679,874,4604,5478,Winter,Berkabut,Selasa,2012,15.716652999999999,70.9583
648,2012-10-09,4,1,10,0,2,1,2,0.446667,0.438112,0.761667,0.1903,601,5791,6392,Winter,Berkabut,Rabu,2012,18.313347,76.16669999999999
649,2012-10-10,4,1,10,0,3,1,1,0.514167,0.503142,0.630833,0.187821,780,6911,7691,Winter,Cerah/Berawan,Kamis,2012,21.080847000000002,63.083299999999994
650,2012-10-11,4,1,10,0,4,1,1,0.435,0.431167,0.463333,0.181596,834,6736,7570,Winter,Cerah/Berawan,Jumat,2012,17.835,46.3333
651,2012-10-12,4,1,10,0,5,1,1,0.4375,0.433071,0.539167,0.235092,1060,6222,7282,Winter,Cerah/Berawan,Sabtu,2012,17.9375,53.91669999999999
652,2012-10-13,4,1,10,0,6,0,1,0.393333,0.391396,0.494583,0.146142,2252,4857,7109,Winter,Cerah/Berawan,Minggu,2012,16.126653,49.4583
653,2012-10-14,4,1,10,0,0,0,1,0.521667,0.508204,0.640417,0.278612,2080,4559,6639,Winter,Cerah/Berawan,Senin,2012,21.388347,64.0417
654,2012-10-15,4,1,10,0,1,1,2,0.561667,0.53915,0.7075,0.296037,760,5115,5875,Winter,Berkabut,Selasa,2012,23.028347,70.75
655,2012-10-16,4,1,10,0,2,1,1,0.468333,0.460846,0.558333,0.182221,922,6612,7534,Winter,Cerah/Berawan,Rabu,2012,19.201653,55.833299999999994
656,2012-10-17,4,1,10,0,3,1,1,0.455833,0.450108,0.692917,0.101371,979,6482,7461,Winter,Cerah/Berawan,Kamis,2012,18.689153,69.2917
657,2012-10-18,4,1,10,0,4,1,2,0.5225,0.512625,0.728333,0.236937,1008,6501,7509,Winter,Berkabut,Jumat,2012,21.4225,72.8333
658,2012-10-19,4,1,10,0,5,1,2,0.563333,0.537896,0.815,0.134954,753,4671,5424,Winter,Berkabut,Sabtu,2012,23.096653,81.5
659,2012-10-20,4,1,10,0,6,0,1,0.484167,0.472842,0.572917,0.117537,2806,5284,8090,Winter,Cerah/Berawan,Minggu,2012,19.850847,57.2917
660,2012-10-21,4,1,10,0,0,0,1,0.464167,0.456429,0.51,0.166054,2132,4692,6824,Winter,Cerah/Berawan,Senin,2012,19.030847,51.0
661,2012-10-22,4,1,10,0,1,1,1,0.4875,0.482942,0.568333,0.0814833,830,6228,7058,Winter,Cerah/Berawan,Selasa,2012,19.9875,56.833299999999994
662,2012-10-23,4,1,10,0,2,1,1,0.544167,0.530304,0.641667,0.0945458,841,6625,7466,Winter,Cerah/Berawan,Rabu,2012,22.310847,64.16669999999999
663,2012-10-24,4,1,10,0,3,1,1,0.5875,0.558721,0.63625,0.0727792,795,6898,7693,Winter,Cerah/Berawan,Kamis,2012,24.087500000000002,63.625
664,2012-10-25,4,1,10,0,4,1,2,0.55,0.529688,0.800417,0.124375,875,6484,7359,Winter,Berkabut,Jumat,2012,22.55,80.0417
665,2012-10-26,4,1,10,0,5,1,2,0.545833,0.52275,0.807083,0.132467,1182,6262,7444,Winter,Berkabut,Sabtu,2012,22.379153000000002,80.7083
666,2012-10-27,4,1,10,0,6,0,2,0.53,0.515133,0.72,0.235692,2643,5209,7852,Winter,Berkabut,Minggu,2012,21.73,72.0
667,2012-10-28,4,1,10,0,0,0,2,0.4775,0.467771,0.694583,0.398008,998,3461,4459,Winter,Berkabut,Senin,2012,19.5775,69.4583
668,2012-10-29,4,1,10,0,1,1,3,0.44,0.4394,0.88,0.3582,2,20,22,Winter,Hujan Ringan/Salju,Selasa,2012,18.04,88.0
669,2012-10-30,4,1,10,0,2,1,2,0.318182,0.309909,0.825455,0.213009,87,1009,1096,Winter,Berkabut,Rabu,2012,13.045462,82.5455
670,2012-10-31,4,1,10,0,3,1,2,0.3575,0.3611,0.666667,0.166667,419,5147,5566,Winter,Berkabut,Kamis,2012,14.657499999999999,66.6667
671,2012-11-01,4,1,11,0,4,1,2,0.365833,0.369942,0.581667,0.157346,466,5520,5986,Winter,Berkabut,Jumat,2012,14.999153000000002,58.166700000000006
672,2012-11-02,4,1,11,0,5,1,1,0.355,0.356042,0.522083,0.266175,618,5229,5847,Winter,Cerah/Berawan,Sabtu,2012,14.555,52.208299999999994
673,2012-11-03,4,1,11,0,6,0,2,0.343333,0.323846,0.49125,0.270529,1029,4109,5138,Winter,Berkabut,Minggu,2012,14.076653,49.125
674,2012-11-04,4,1,11,0,0,0,1,0.325833,0.329538,0.532917,0.179108,1201,3906,5107,Winter,Cerah/Berawan,Senin,2012,13.359153,53.2917
675,2012-11-05,4,1,11,0,1,1,1,0.319167,0.308075,0.494167,0.236325,378,4881,5259,Winter,Cerah/Berawan,Selasa,2012,13.085847,49.416700000000006
676,2012-11-06,4,1,11,0,2,1,1,0.280833,0.281567,0.567083,0.173513,466,5220,5686,Winter,Cerah/Berawan,Rabu,2012,11.514153,56.7083
677,2012-11-07,4,1,11,0,3,1,2,0.295833,0.274621,0.5475,0.304108,326,4709,5035,Winter,Berkabut,Kamis,2012,12.129153,54.75
678,2012-11-08,4,1,11,0,4,1,1,0.352174,0.341891,0.333478,0.347835,340,4975,5315,Winter,Cerah/Berawan,Jumat,2012,14.439134,33.3478
679,2012-11-09,4,1,11,0,5,1,1,0.361667,0.355413,0.540833,0.214558,709,5283,5992,Winter,Cerah/Berawan,Sabtu,2012,14.828347,54.0833
680,2012-11-10,4,1,11,0,6,0,1,0.389167,0.393937,0.645417,0.0578458,2090,4446,6536,Winter,Cerah/Berawan,Minggu,2012,15.955846999999999,64.5417
681,2012-11-11,4,1,11,0,0,0,1,0.420833,0.421713,0.659167,0.1275,2290,4562,6852,Winter,Cerah/Berawan,Senin,2012,17.254153000000002,65.91669999999999
682,2012-11-12,4,1,11,1,1,0,1,0.485,0.475383,0.741667,0.173517,1097,5172,6269,Winter,Cerah/Berawan,Selasa,2012,19.884999999999998,74.16669999999999
683,2012-11-13,4,1,11,0,2,1,2,0.343333,0.323225,0.662917,0.342046,327,3767,4094,Winter,Berkabut,Rabu,2012,14.076653,66.29169999999999
684,2012-11-14,4,1,11,0,3,1,1,0.289167,0.281563,0.552083,0.199625,373,5122,5495,Winter,Cerah/Berawan,Kamis,2012,11.855847,55.2083
685,2012-11-15,4,1,11,0,4,1,2,0.321667,0.324492,0.620417,0.152987,320,5125,5445,Winter,Berkabut,Jumat,2012,13.188346999999998,62.0417
686,2012-11-16,4,1,11,0,5,1,1,0.345,0.347204,0.524583,0.171025,484,5214,5698,Winter,Cerah/Berawan,Sabtu,2012,14.145,52.4583
687,2012-11-17,4,1,11,0,6,0,1,0.325,0.326383,0.545417,0.179729,1313,4316,5629,Winter,Cerah/Berawan,Minggu,2012,13.325000000000001,54.541700000000006
688,2012-11-18,4,1,11,0,0,0,1,0.3425,0.337746,0.692917,0.227612,922,3747,4669,Winter,Cerah/Berawan,Senin,2012,14.0425,69.2917
689,2012-11-19,4,1,11,0,1,1,2,0.380833,0.375621,0.623333,0.235067,449,5050,5499,Winter,Berkabut,Selasa,2012,15.614152999999998,62.3333
690,2012-11-20,4,1,11,0,2,1,2,0.374167,0.380667,0.685,0.082725,534,5100,5634,Winter,Berkabut,Rabu,2012,15.340847000000002,68.5
691,2012-11-21,4,1,11,0,3,1,1,0.353333,0.364892,0.61375,0.103246,615,4531,5146,Winter,Cerah/Berawan,Kamis,2012,14.486653,61.375
692,2012-11-22,4,1,11,1,4,0,1,0.34,0.350371,0.580417,0.0528708,955,1470,2425,Winter,Cerah/Berawan,Jumat,2012,13.940000000000001,58.0417
693,2012-11-23,4,1,11,0,5,1,1,0.368333,0.378779,0.56875,0.148021,1603,2307,3910,Winter,Cerah/Berawan,Sabtu,2012,15.101653,56.875
694,2012-11-24,4,1,11,0,6,0,1,0.278333,0.248742,0.404583,0.376871,532,1745,2277,Winter,Cerah/Berawan,Minggu,2012,11.411653,40.4583
695,2012-11-25,4,1,11,0,0,0,1,0.245833,0.257583,0.468333,0.1505,309,2115,2424,Winter,Cerah/Berawan,Senin,2012,10.079153,46.8333
696,2012-11-26,4,1,11,0,1,1,1,0.313333,0.339004,0.535417,0.04665,337,4750,5087,Winter,Cerah/Berawan,Selasa,2012,12.846652999999998,53.541700000000006
697,2012-11-27,4,1,11,0,2,1,2,0.291667,0.281558,0.786667,0.237562,123,3836,3959,Winter,Berkabut,Rabu,2012,11.958347,78.6667
698,2012-11-28,4,1,11,0,3,1,1,0.296667,0.289762,0.50625,0.210821,198,5062,5260,Winter,Cerah/Berawan,Kamis,2012,12.163347,50.625
699,2012-11-29,4,1,11,0,4,1,1,0.28087,0.298422,0.555652,0.115522,243,5080,5323,Winter,Cerah/Berawan,Jumat,2012,11.51567,55.565200000000004
700,2012-11-30,4,1,11,0,5,1,1,0.298333,0.323867,0.649583,0.0584708,362,5306,5668,Winter,Cerah/Berawan,Sabtu,2012,12.231653000000001,64.95830000000001
701,2012-12-01,4,1,12,0,6,0,2,0.298333,0.316904,0.806667,0.0597042,951,4240,5191,Winter,Berkabut,Minggu,2012,12.231653000000001,80.6667
702,2012-12-02,4,1,12,0,0,0,2,0.3475,0.359208,0.823333,0.124379,892,3757,4649,Winter,Berkabut,Senin,2012,14.247499999999999,82.3333
703,2012-12-03,4,1,12,0,1,1,1,0.4525,0.455796,0.7675,0.0827208,555,5679,6234,Winter,Cerah/Berawan,Selasa,2012,18.552500000000002,76.75
704,2012-12-04,4,1,12,0,2,1,1,0.475833,0.469054,0.73375,0.174129,551,6055,6606,Winter,Cerah/Berawan,Rabu,2012,19.509153,73.375
705,2012-12-05,4,1,12,0,3,1,1,0.438333,0.428012,0.485,0.324021,331,5398,5729,Winter,Cerah/Berawan,Kamis,2012,17.971653,48.5
706,2012-12-06,4,1,12,0,4,1,1,0.255833,0.258204,0.50875,0.174754,340,5035,5375,Winter,Cerah/Berawan,Jumat,2012,10.489152999999998,50.875
707,2012-12-07,4,1,12,0,5,1,2,0.320833,0.321958,0.764167,0.1306,349,4659,5008,Winter,Berkabut,Sabtu,2012,13.154152999999999,76.4167
708,2012-12-08,4,1,12,0,6,0,2,0.381667,0.389508,0.91125,0.101379,1153,4429,5582,Winter,Berkabut,Minggu,2012,15.648347,91.125
709,2012-12-09,4,1,12,0,0,0,2,0.384167,0.390146,0.905417,0.157975,441,2787,3228,Winter,Berkabut,Senin,2012,15.750846999999998,90.5417
710,2012-12-10,4,1,12,0,1,1,2,0.435833,0.435575,0.925,0.190308,329,4841,5170,Winter,Berkabut,Selasa,2012,17.869153,92.5
711,2012-12-11,4,1,12,0,2,1,2,0.353333,0.338363,0.596667,0.296037,282,5219,5501,Winter,Berkabut,Rabu,2012,14.486653,59.66669999999999
712,2012-12-12,4,1,12,0,3,1,2,0.2975,0.297338,0.538333,0.162937,310,5009,5319,Winter,Berkabut,Kamis,2012,12.1975,53.833299999999994
713,2012-12-13,4,1,12,0,4,1,1,0.295833,0.294188,0.485833,0.174129,425,5107,5532,Winter,Cerah/Berawan,Jumat,2012,12.129153,48.5833
714,2012-12-14,4,1,12,0,5,1,1,0.281667,0.294192,0.642917,0.131229,429,5182,5611,Winter,Cerah/Berawan,Sabtu,2012,11.548347,64.29169999999999
715,2012-12-15,4,1,12,0,6,0,1,0.324167,0.338383,0.650417,0.10635,767,4280,5047,Winter,Cerah/Berawan,Minggu,2012,13.290847,65.0417
716,2012-12-16,4,1,12,0,0,0,2,0.3625,0.369938,0.83875,0.100742,538,3248,3786,Winter,Berkabut,Senin,2012,14.862499999999999,83.875
717,2012-12-17,4,1,12,0,1,1,2,0.393333,0.4015,0.907083,0.0982583,212,4373,4585,Winter,Berkabut,Selasa,2012,16.126653,90.7083
718,2012-12-18,4,1,12,0,2,1,1,0.410833,0.409708,0.66625,0.221404,433,5124,5557,Winter,Cerah/Berawan,Rabu,2012,16.844153,66.625
719,2012-12-19,4,1,12,0,3,1,1,0.3325,0.342162,0.625417,0.184092,333,4934,5267,Winter,Cerah/Berawan,Kamis,2012,13.6325,62.5417
720,2012-12-20,4,1,12,0,4,1,2,0.33,0.335217,0.667917,0.132463,314,3814,4128,Winter,Berkabut,Jumat,2012,13.530000000000001,66.79169999999999
721,2012-12-21,1,1,12,0,5,1,2,0.326667,0.301767,0.556667,0.374383,221,3402,3623,Spring,Berkabut,Sabtu,2012,13.393346999999999,55.666700000000006
722,2012-12-22,1,1,12,0,6,0,1,0.265833,0.236113,0.44125,0.407346,205,1544,1749,Spring,Cerah/Berawan,Minggu,2012,10.899153,44.125
723,2012-12-23,1,1,12,0,0,0,1,0.245833,0.259471,0.515417,0.133083,408,1379,1787,Spring,Cerah/Berawan,Senin,2012,10.079153,51.5417
724,2012-12-24,1,1,12,0,1,1,2,0.231304,0.2589,0.791304,0.0772304,174,746,920,Spring,Berkabut,Selasa,2012,9.483464,79.1304
725,2012-12-25,1,1,12,1,2,0,2,0.291304,0.294465,0.734783,0.168726,440,573,1013,Spring,Berkabut,Rabu,2012,11.943464,73.47829999999999
726,2012-12-26,1,1,12,0,3,1,3,0.243333,0.220333,0.823333,0.316546,9,432,441,Spring,Hujan Ringan/Salju,Kamis,2012,9.976652999999999,82.3333
727,2012-12-27,1,1,12,0,4,1,2,0.254167,0.226642,0.652917,0.350133,247,1867,2114,Spring,Berkabut,Jumat,2012,10.420846999999998,65.29169999999999
728,2012-12-28,1,1,12,0,5,1,2,0.253333,0.255046,0.59,0.155471,644,2451,3095,Spring,Berkabut,Sabtu,2012,10.386652999999999,59.0
729,2012-12-29,1,1,12,0,6,0,2,0.253333,0.2424,0.752917,0.124383,159,1182,1341,Spring,Berkabut,Minggu,2012,10.386652999999999,75.29169999999999
730,2012-12-30,1,1,12,0,0,0,1,0.255833,0.2317,0.483333,0.350754,364,1432,1796,Spring,Cerah/Berawan,Senin,2012,10.489152999999998,48.3333
731,2012-12-31,1,1,12,0,1,1,2,0.215833,0.223487,0.5775,0.154846,439,2290,2729,Spring,Berkabut,Selasa,2012,8.849153,57.75
